code,buyback_date
002102.SZ,2017-05-18
000056.SZ,2018-04-21
000056.SZ,2018-06-02
603716.SH,2018-07-31
002775.SZ,2018-08-07
002488.SZ,2018-09-13
603128.SH,2018-11-07
603385.SH,2018-11-13
603558.SH,2018-11-14
002367.SZ,2018-11-17
002105.SZ,2018-11-17
600366.SH,2018-11-27
002488.SZ,2018-12-27
601866.SH,2019-01-25
000902.SZ,2019-03-05
603030.SH,2019-04-02
000056.SZ,2019-04-25
000056.SZ,2019-04-25
000561.SZ,2019-04-30
603111.SH,2019-04-30
601231.SH,2019-05-28
603066.SH,2019-06-18
600603.SH,2019-07-23
600098.SH,2019-07-27
002024.SZ,2019-08-16
600636.SH,2019-08-24
603365.SH,2019-08-27
000926.SZ,2019-08-29
000561.SZ,2019-08-30
000561.SZ,2019-09-21
000902.SZ,2019-10-22
002558.SZ,2019-10-31
000796.SZ,2019-11-11
603367.SH,2019-11-13
000778.SZ,2019-11-14
002426.SZ,2019-11-14
000710.SZ,2019-11-21
002367.SZ,2019-12-03
002350.SZ,2019-12-05
002085.SZ,2019-12-27
603505.SH,2019-12-31
002488.SZ,2020-01-02
603566.SH,2020-02-05
603113.SH,2020-02-19
002186.SZ,2020-03-07
000069.SZ,2020-03-21
002489.SZ,2020-03-28
002877.SZ,2020-04-01
000561.SZ,2020-04-17
002135.SZ,2020-04-22
600782.SH,2020-04-23
600535.SH,2020-04-25
600729.SH,2020-04-27
000056.SZ,2020-04-28
000078.SZ,2020-04-28
000056.SZ,2020-04-28
002097.SZ,2020-04-29
002426.SZ,2020-05-21
603225.SH,2020-05-21
603009.SH,2020-06-03
002599.SZ,2020-06-18
603636.SH,2020-06-20
002304.SZ,2020-06-20
002404.SZ,2020-06-23
600104.SH,2020-07-04
002251.SZ,2020-07-08
601688.SH,2020-07-09
000623.SZ,2020-07-11
002029.SZ,2020-07-15
600226.SH,2020-07-16
002440.SZ,2020-07-20
601339.SH,2020-07-23
000561.SZ,2020-07-30
002488.SZ,2020-08-25
000555.SZ,2020-08-27
600266.SH,2020-08-31
600246.SH,2020-09-08
603978.SH,2020-09-11
002285.SZ,2020-09-19
603678.SH,2020-09-22
000561.SZ,2020-09-23
600643.SH,2020-09-24
603896.SH,2020-09-28
000078.SZ,2020-10-10
600103.SH,2020-10-26
601996.SH,2020-10-29
002843.SZ,2020-10-30
002558.SZ,2020-10-30
002700.SZ,2020-11-06
603839.SH,2020-11-13
603708.SH,2020-11-25
603518.SH,2020-11-26
002481.SZ,2020-11-30
600155.SH,2020-12-01
002084.SZ,2020-12-09
603196.SH,2020-12-16
002488.SZ,2020-12-25
002575.SZ,2020-12-26
603637.SH,2020-12-30
603665.SH,2021-01-06
600246.SH,2021-01-08
600167.SH,2021-01-08
000997.SZ,2021-01-13
002424.SZ,2021-01-14
603956.SH,2021-01-16
002721.SZ,2021-01-16
600675.SH,2021-01-19
002374.SZ,2021-01-19
600019.SH,2021-01-20
002173.SZ,2021-01-20
603377.SH,2021-01-20
603590.SH,2021-01-21
600867.SH,2021-01-30
002241.SZ,2021-01-30
002090.SZ,2021-02-02
002023.SZ,2021-02-02
002457.SZ,2021-02-05
000035.SZ,2021-02-05
603716.SH,2021-02-05
603776.SH,2021-02-05
603936.SH,2021-02-06
002276.SZ,2021-02-09
601616.SH,2021-02-19
002887.SZ,2021-02-22
000333.SZ,2021-02-24
600637.SH,2021-02-27
600690.SH,2021-03-06
601555.SH,2021-03-06
600050.SH,2021-03-12
600177.SH,2021-03-13
002082.SZ,2021-03-15
600694.SH,2021-03-16
600624.SH,2021-03-19
600872.SH,2021-04-02
000967.SZ,2021-04-09
600266.SH,2021-04-10
002840.SZ,2021-04-16
002228.SZ,2021-04-21
600521.SH,2021-04-26
000078.SZ,2021-04-27
603551.SH,2021-04-27
603609.SH,2021-05-11
002508.SZ,2021-05-11
000902.SZ,2021-05-13
603258.SH,2021-05-18
002853.SZ,2021-05-25
000651.SZ,2021-05-27
002171.SZ,2021-05-27
603267.SH,2021-06-11
603096.SH,2021-06-16
601137.SH,2021-06-24
603686.SH,2021-06-25
603579.SH,2021-06-25
002867.SZ,2021-06-25
002888.SZ,2021-06-29
002444.SZ,2021-07-06
002010.SZ,2021-07-06
002228.SZ,2021-07-08
600226.SH,2021-07-08
600797.SH,2021-07-09
002384.SZ,2021-07-09
600305.SH,2021-07-10
002559.SZ,2021-07-14
603993.SH,2021-07-14
002661.SZ,2021-07-15
603056.SH,2021-07-15
000541.SZ,2021-07-16
002407.SZ,2021-07-17
603058.SH,2021-07-17
600580.SH,2021-07-20
002422.SZ,2021-07-22
000561.SZ,2021-07-30
002422.SZ,2021-07-30
002511.SZ,2021-07-30
603713.SH,2021-08-02
002299.SZ,2021-08-03
603331.SH,2021-08-03
603600.SH,2021-08-04
002001.SZ,2021-08-20
600315.SH,2021-08-25
601231.SH,2021-08-26
000030.SZ,2021-08-26
002019.SZ,2021-08-30
000725.SZ,2021-08-31
002557.SZ,2021-09-07
605318.SH,2021-09-07
601360.SH,2021-09-11
600229.SH,2021-09-14
600518.SH,2021-09-15
002831.SZ,2021-09-16
002747.SZ,2021-09-24
000561.SZ,2021-09-25
002942.SZ,2021-09-27
603408.SH,2021-09-29
600094.SH,2021-10-01
605009.SH,2021-10-14
002481.SZ,2021-10-26
002649.SZ,2021-10-26
002242.SZ,2021-10-27
002705.SZ,2021-10-28
000703.SZ,2021-10-28
601188.SH,2021-10-29
003012.SZ,2021-10-30
603369.SH,2021-11-01
002367.SZ,2021-11-04
002918.SZ,2021-11-09
002157.SZ,2021-11-09
000661.SZ,2021-11-24
002266.SZ,2021-11-26
600779.SH,2021-11-26
600882.SH,2021-12-01
002329.SZ,2021-12-09
002819.SZ,2021-12-21
002157.SZ,2021-12-28
600246.SH,2022-01-12
603505.SH,2022-01-21
002048.SZ,2022-01-25
601218.SH,2022-01-25
000546.SZ,2022-01-26
000778.SZ,2022-02-14
603801.SH,2022-02-16
603380.SH,2022-02-22
601021.SH,2022-02-23
600419.SH,2022-02-24
002157.SZ,2022-02-26
002352.SZ,2022-03-03
603225.SH,2022-03-08
002151.SZ,2022-03-09
000333.SZ,2022-03-11
002249.SZ,2022-03-15
002493.SZ,2022-03-16
603489.SH,2022-03-17
601900.SH,2022-03-18
000810.SZ,2022-03-22
603556.SH,2022-03-29
002819.SZ,2022-03-29
000776.SZ,2022-03-31
600690.SH,2022-03-31
600094.SH,2022-04-06
000626.SZ,2022-04-07
600155.SH,2022-04-07
002291.SZ,2022-04-13
000581.SZ,2022-04-19
603690.SH,2022-04-20
002840.SZ,2022-04-23
002627.SZ,2022-04-25
600246.SH,2022-04-27
002585.SZ,2022-04-27
002389.SZ,2022-04-29
603880.SH,2022-04-29
000623.SZ,2022-04-30
002478.SZ,2022-04-30
000538.SZ,2022-04-30
002787.SZ,2022-05-05
000739.SZ,2022-05-06
600446.SH,2022-05-12
603337.SH,2022-05-13
603859.SH,2022-05-18
603666.SH,2022-05-18
600794.SH,2022-05-21
002271.SZ,2022-05-23
603993.SH,2022-05-25
002921.SZ,2022-05-25
002306.SZ,2022-05-26
002145.SZ,2022-05-27
002556.SZ,2022-05-28
002548.SZ,2022-05-31
000785.SZ,2022-06-02
603408.SH,2022-06-03
601231.SH,2022-06-07
003016.SZ,2022-06-07
603797.SH,2022-06-09
603267.SH,2022-06-10
601318.SH,2022-06-11
603658.SH,2022-06-13
000035.SZ,2022-06-17
002442.SZ,2022-06-25
603989.SH,2022-06-25
600586.SH,2022-06-30
603987.SH,2022-07-07
600104.SH,2022-07-08
600110.SH,2022-07-09
603324.SH,2022-07-09
603997.SH,2022-07-15
605377.SH,2022-07-19
000561.SZ,2022-07-30
601117.SH,2022-08-16
603610.SH,2022-08-20
000778.SZ,2022-08-23
600499.SH,2022-08-24
000338.SZ,2022-08-27
002157.SZ,2022-08-31
002466.SZ,2022-08-31
603456.SH,2022-09-01
003010.SZ,2022-09-01
600256.SH,2022-09-03
600763.SH,2022-09-08
002638.SZ,2022-09-10
000513.SZ,2022-09-15
603100.SH,2022-09-20
002352.SZ,2022-09-23
600649.SH,2022-09-24
002559.SZ,2022-09-30
000792.SZ,2022-09-30
600273.SH,2022-09-30
603816.SH,2022-10-14
600496.SH,2022-10-17
600790.SH,2022-10-17
601127.SH,2022-10-25
002005.SZ,2022-10-27
002050.SZ,2022-10-27
000703.SZ,2022-10-28
603833.SH,2022-10-28
002627.SZ,2022-10-28
603899.SH,2022-10-29
002984.SZ,2022-10-31
603666.SH,2022-11-03
000507.SZ,2022-11-12
002726.SZ,2022-11-15
000589.SZ,2022-11-17
002548.SZ,2022-11-24
002010.SZ,2022-11-26
002831.SZ,2022-12-03
601678.SH,2022-12-31
603166.SH,2023-01-04
002611.SZ,2023-01-07
600166.SH,2023-01-14
603713.SH,2023-01-18
603669.SH,2023-01-31
000676.SZ,2023-01-31
002388.SZ,2023-01-31
002045.SZ,2023-02-17
605598.SH,2023-03-09
600063.SH,2023-03-11
002560.SZ,2023-03-15
002881.SZ,2023-03-17
603102.SH,2023-03-25
600351.SH,2023-03-28
002708.SZ,2023-03-29
002076.SZ,2023-03-30
600273.SH,2023-03-31
002032.SZ,2023-03-31
601965.SH,2023-03-31
605228.SH,2023-04-07
600873.SH,2023-04-10
002819.SZ,2023-04-12
000893.SZ,2023-04-15
603220.SH,2023-04-15
600141.SH,2023-04-15
002413.SZ,2023-04-17
002442.SZ,2023-04-18
002123.SZ,2023-04-18
002168.SZ,2023-04-20
600327.SH,2023-04-20
000959.SZ,2023-04-21
002010.SZ,2023-04-25
603599.SH,2023-04-25
002139.SZ,2023-04-25
002609.SZ,2023-04-26
002810.SZ,2023-04-26
002758.SZ,2023-04-27
002513.SZ,2023-04-27
603515.SH,2023-04-27
002828.SZ,2023-04-28
002388.SZ,2023-04-28
002840.SZ,2023-04-28
002512.SZ,2023-04-28
600690.SH,2023-04-28
600198.SH,2023-04-28
603363.SH,2023-04-29
002925.SZ,2023-04-29
600588.SH,2023-04-29
603008.SH,2023-04-29
603181.SH,2023-04-29
002196.SZ,2023-04-29
603079.SH,2023-04-29
002669.SZ,2023-04-29
600588.SH,2023-04-29
600579.SH,2023-04-29
600588.SH,2023-04-29
600228.SH,2023-04-29
603505.SH,2023-05-06
601138.SH,2023-05-06
001203.SZ,2023-05-09
601686.SH,2023-05-09
002206.SZ,2023-05-10
603713.SH,2023-05-16
002083.SZ,2023-05-17
002293.SZ,2023-05-18
002891.SZ,2023-05-18
002787.SZ,2023-05-19
000403.SZ,2023-05-23
002422.SZ,2023-05-23
002595.SZ,2023-05-23
002735.SZ,2023-05-23
002645.SZ,2023-05-26
601636.SH,2023-05-26
603160.SH,2023-05-27
002785.SZ,2023-05-27
600963.SH,2023-05-29
600800.SH,2023-05-30
002520.SZ,2023-05-30
603806.SH,2023-06-01
605008.SH,2023-06-01
002108.SZ,2023-06-01
002272.SZ,2023-06-03
600276.SH,2023-06-03
002252.SZ,2023-06-03
002548.SZ,2023-06-06
600588.SH,2023-06-06
002962.SZ,2023-06-07
002353.SZ,2023-06-07
002601.SZ,2023-06-07
601966.SH,2023-06-08
603396.SH,2023-06-08
601615.SH,2023-06-08
002340.SZ,2023-06-08
000922.SZ,2023-06-08
600711.SH,2023-06-09
600422.SH,2023-06-09
000909.SZ,2023-06-10
002214.SZ,2023-06-10
600738.SH,2023-06-12
600382.SH,2023-06-14
603613.SH,2023-06-14
002559.SZ,2023-06-14
002559.SZ,2023-06-14
603041.SH,2023-06-16
002664.SZ,2023-06-17
002215.SZ,2023-06-17
002648.SZ,2023-06-19
000333.SZ,2023-06-21
002615.SZ,2023-06-21
605319.SH,2023-06-22
603659.SH,2023-06-22
600673.SH,2023-06-26
603212.SH,2023-06-27
600988.SH,2023-06-28
002556.SZ,2023-06-28
600233.SH,2023-06-28
603918.SH,2023-06-28
603259.SH,2023-06-28
600732.SH,2023-06-28
002389.SZ,2023-06-30
002592.SZ,2023-06-30
603337.SH,2023-06-30
002212.SZ,2023-07-01
600817.SH,2023-07-01
002555.SZ,2023-07-04
603332.SH,2023-07-05
002036.SZ,2023-07-05
002180.SZ,2023-07-06
002180.SZ,2023-07-06
601016.SH,2023-07-06
002291.SZ,2023-07-06
002906.SZ,2023-07-06
603836.SH,2023-07-07
002407.SZ,2023-07-07
600298.SH,2023-07-08
002869.SZ,2023-07-08
002527.SZ,2023-07-10
605183.SH,2023-07-11
601208.SH,2023-07-11
600104.SH,2023-07-12
002120.SZ,2023-07-12
002170.SZ,2023-07-13
002228.SZ,2023-07-13
600380.SH,2023-07-14
603279.SH,2023-07-15
603728.SH,2023-07-15
000933.SZ,2023-07-15
000488.SZ,2023-07-18
603517.SH,2023-07-18
000731.SZ,2023-07-18
600089.SH,2023-07-18
002821.SZ,2023-07-19
002821.SZ,2023-07-19
605286.SH,2023-07-19
002168.SZ,2023-07-19
603088.SH,2023-07-20
000701.SZ,2023-07-21
000701.SZ,2023-07-21
601500.SH,2023-07-21
002111.SZ,2023-07-22
002873.SZ,2023-07-22
603222.SH,2023-07-25
605266.SH,2023-07-26
000876.SZ,2023-07-26
600905.SH,2023-07-26
000597.SZ,2023-07-26
603933.SH,2023-07-27
601012.SH,2023-07-28
605168.SH,2023-07-29
600887.SH,2023-07-29
600433.SH,2023-07-29
600019.SH,2023-07-29
601369.SH,2023-07-29
600808.SH,2023-07-29
002585.SZ,2023-08-01
002860.SZ,2023-08-01
002015.SZ,2023-08-02
600549.SH,2023-08-02
600884.SH,2023-08-03
600619.SH,2023-08-03
600096.SH,2023-08-03
002078.SZ,2023-08-03
603330.SH,2023-08-05
605118.SH,2023-08-05
603283.SH,2023-08-07
600500.SH,2023-08-08
603309.SH,2023-08-09
002006.SZ,2023-08-09
002801.SZ,2023-08-10
002312.SZ,2023-08-10
605133.SH,2023-08-11
002296.SZ,2023-08-15
600566.SH,2023-08-15
603939.SH,2023-08-15
603351.SH,2023-08-15
000830.SZ,2023-08-15
002979.SZ,2023-08-15
603713.SH,2023-08-15
601619.SH,2023-08-15
002615.SZ,2023-08-15
600501.SH,2023-08-15
002969.SZ,2023-08-15
002134.SZ,2023-08-16
603138.SH,2023-08-16
600060.SH,2023-08-16
002920.SZ,2023-08-17
603501.SH,2023-08-17
000903.SZ,2023-08-18
002189.SZ,2023-08-18
002611.SZ,2023-08-19
002442.SZ,2023-08-19
600702.SH,2023-08-19
002953.SZ,2023-08-19
002324.SZ,2023-08-19
600415.SH,2023-08-19
603690.SH,2023-08-22
603877.SH,2023-08-22
605088.SH,2023-08-22
003021.SZ,2023-08-22
002410.SZ,2023-08-22
002493.SZ,2023-08-22
000026.SZ,2023-08-23
601226.SH,2023-08-23
603650.SH,2023-08-23
002249.SZ,2023-08-23
603109.SH,2023-08-24
600131.SH,2023-08-24
002690.SZ,2023-08-24
600967.SH,2023-08-24
600817.SH,2023-08-25
001206.SZ,2023-08-25
603013.SH,2023-08-25
002478.SZ,2023-08-25
603599.SH,2023-08-25
000635.SZ,2023-08-25
002649.SZ,2023-08-25
600479.SH,2023-08-25
600429.SH,2023-08-26
603236.SH,2023-08-26
603150.SH,2023-08-26
600326.SH,2023-08-26
002597.SZ,2023-08-26
600498.SH,2023-08-26
600673.SH,2023-08-26
603289.SH,2023-08-26
605018.SH,2023-08-26
002236.SZ,2023-08-26
603486.SH,2023-08-26
002543.SZ,2023-08-26
600188.SH,2023-08-26
600028.SH,2023-08-28
600882.SH,2023-08-29
603995.SH,2023-08-29
603958.SH,2023-08-29
603529.SH,2023-08-29
000803.SZ,2023-08-29
002825.SZ,2023-08-29
603392.SH,2023-08-29
000921.SZ,2023-08-29
002116.SZ,2023-08-29
600516.SH,2023-08-29
002810.SZ,2023-08-29
603915.SH,2023-08-29
603822.SH,2023-08-29
603212.SH,2023-08-30
000762.SZ,2023-08-30
601919.SH,2023-08-30
002432.SZ,2023-08-30
600278.SH,2023-08-30
600884.SH,2023-08-30
603777.SH,2023-08-30
002922.SZ,2023-08-30
002667.SZ,2023-08-30
600422.SH,2023-08-30
603355.SH,2023-08-30
002299.SZ,2023-08-30
600642.SH,2023-08-30
600057.SH,2023-08-30
605111.SH,2023-08-30
002549.SZ,2023-08-30
600098.SH,2023-08-31
603818.SH,2023-08-31
002032.SZ,2023-08-31
000625.SZ,2023-08-31
002940.SZ,2023-08-31
603776.SH,2023-08-31
002459.SZ,2023-08-31
600109.SH,2023-08-31
603665.SH,2023-08-31
603659.SH,2023-08-31
600406.SH,2023-08-31
000800.SZ,2023-08-31
600153.SH,2023-08-31
601021.SH,2023-08-31
605196.SH,2023-08-31
600366.SH,2023-08-31
002019.SZ,2023-08-31
600814.SH,2023-08-31
601778.SH,2023-08-31
603738.SH,2023-08-31
600588.SH,2023-08-31
002385.SZ,2023-08-31
000898.SZ,2023-08-31
002557.SZ,2023-08-31
001207.SZ,2023-08-31
600536.SH,2023-08-31
002517.SZ,2023-08-31
600031.SH,2023-08-31
000681.SZ,2023-09-01
603799.SH,2023-09-01
000661.SZ,2023-09-02
600079.SH,2023-09-02
603901.SH,2023-09-05
002738.SZ,2023-09-05
603486.SH,2023-09-05
002541.SZ,2023-09-06
600810.SH,2023-09-07
603237.SH,2023-09-07
000715.SZ,2023-09-07
002709.SZ,2023-09-08
002709.SZ,2023-09-08
002407.SZ,2023-09-08
601666.SH,2023-09-08
002526.SZ,2023-09-09
002139.SZ,2023-09-09
603283.SH,2023-09-12
002151.SZ,2023-09-12
600499.SH,2023-09-12
601388.SH,2023-09-12
600513.SH,2023-09-12
603383.SH,2023-09-12
601138.SH,2023-09-12
000959.SZ,2023-09-13
605080.SH,2023-09-13
603986.SH,2023-09-13
002821.SZ,2023-09-14
000723.SZ,2023-09-14
002821.SZ,2023-09-14
002865.SZ,2023-09-15
603012.SH,2023-09-16
605589.SH,2023-09-16
002900.SZ,2023-09-16
002986.SZ,2023-09-16
600570.SH,2023-09-18
002847.SZ,2023-09-19
603882.SH,2023-09-19
002838.SZ,2023-09-19
603998.SH,2023-09-20
002537.SZ,2023-09-20
603081.SH,2023-09-21
603261.SH,2023-09-22
603458.SH,2023-09-22
603109.SH,2023-09-23
603456.SH,2023-09-23
603306.SH,2023-09-26
002841.SZ,2023-09-26
603922.SH,2023-09-26
605108.SH,2023-09-26
002756.SZ,2023-09-27
601615.SH,2023-09-27
603317.SH,2023-09-27
603630.SH,2023-09-27
603551.SH,2023-09-27
601633.SH,2023-09-27
002206.SZ,2023-09-28
000759.SZ,2023-09-28
002643.SZ,2023-09-28
002765.SZ,2023-09-28
002393.SZ,2023-09-28
600196.SH,2023-09-28
600388.SH,2023-09-29
601686.SH,2023-09-29
002982.SZ,2023-09-29
603936.SH,2023-09-29
002812.SZ,2023-09-29
002329.SZ,2023-10-10
603716.SH,2023-10-10
600557.SH,2023-10-10
605337.SH,2023-10-10
002043.SZ,2023-10-10
000153.SZ,2023-10-10
003011.SZ,2023-10-11
603619.SH,2023-10-12
600765.SH,2023-10-12
002582.SZ,2023-10-12
600732.SH,2023-10-12
603217.SH,2023-10-13
603883.SH,2023-10-13
603278.SH,2023-10-13
002040.SZ,2023-10-14
603518.SH,2023-10-14
603617.SH,2023-10-17
600019.SH,2023-10-17
600600.SH,2023-10-18
601579.SH,2023-10-18
603077.SH,2023-10-19
002871.SZ,2023-10-19
603893.SH,2023-10-19
002135.SZ,2023-10-19
002601.SZ,2023-10-19
000893.SZ,2023-10-19
002871.SZ,2023-10-19
601899.SH,2023-10-20
600888.SH,2023-10-20
002683.SZ,2023-10-21
600366.SH,2023-10-21
000952.SZ,2023-10-21
600566.SH,2023-10-23
605365.SH,2023-10-24
605090.SH,2023-10-24
603605.SH,2023-10-24
600817.SH,2023-10-25
000581.SZ,2023-10-25
600050.SH,2023-10-25
600487.SH,2023-10-25
600060.SH,2023-10-25
600337.SH,2023-10-25
002129.SZ,2023-10-26
601600.SH,2023-10-26
600433.SH,2023-10-26
603650.SH,2023-10-26
603519.SH,2023-10-26
603713.SH,2023-10-26
002991.SZ,2023-10-26
603218.SH,2023-10-27
603195.SH,2023-10-27
603109.SH,2023-10-27
603191.SH,2023-10-27
002782.SZ,2023-10-27
000803.SZ,2023-10-27
603187.SH,2023-10-27
603237.SH,2023-10-27
600522.SH,2023-10-27
603345.SH,2023-10-27
002927.SZ,2023-10-27
002758.SZ,2023-10-27
603869.SH,2023-10-27
002130.SZ,2023-10-27
603583.SH,2023-10-27
600062.SH,2023-10-27
000598.SZ,2023-10-27
002241.SZ,2023-10-27
600882.SH,2023-10-28
600141.SH,2023-10-28
603667.SH,2023-10-28
605117.SH,2023-10-28
603277.SH,2023-10-28
000876.SZ,2023-10-28
603232.SH,2023-10-28
002281.SZ,2023-10-28
603960.SH,2023-10-28
603657.SH,2023-10-28
002925.SZ,2023-10-28
603958.SH,2023-10-28
603689.SH,2023-10-28
002734.SZ,2023-10-28
603051.SH,2023-10-28
600750.SH,2023-10-28
603639.SH,2023-10-28
603216.SH,2023-10-28
603408.SH,2023-10-28
002734.SZ,2023-10-28
603486.SH,2023-10-28
603308.SH,2023-10-28
600525.SH,2023-10-28
605133.SH,2023-10-28
002959.SZ,2023-10-28
600905.SH,2023-10-30
000723.SZ,2023-10-30
002705.SZ,2023-10-30
002826.SZ,2023-10-30
001322.SZ,2023-10-30
002956.SZ,2023-10-30
002472.SZ,2023-10-30
002022.SZ,2023-10-30
002765.SZ,2023-10-30
002139.SZ,2023-10-30
603588.SH,2023-10-30
002968.SZ,2023-10-30
002372.SZ,2023-10-30
002810.SZ,2023-10-31
002009.SZ,2023-10-31
002036.SZ,2023-10-31
002609.SZ,2023-10-31
002459.SZ,2023-10-31
600884.SH,2023-10-31
000513.SZ,2023-10-31
603203.SH,2023-10-31
002938.SZ,2023-10-31
603757.SH,2023-10-31
603363.SH,2023-10-31
002036.SZ,2023-10-31
002388.SZ,2023-10-31
002667.SZ,2023-10-31
000651.SZ,2023-10-31
600958.SH,2023-10-31
002046.SZ,2023-10-31
600329.SH,2023-10-31
002605.SZ,2023-10-31
603027.SH,2023-10-31
603127.SH,2023-10-31
003020.SZ,2023-10-31
603288.SH,2023-10-31
000725.SZ,2023-10-31
600875.SH,2023-10-31
601611.SH,2023-10-31
002311.SZ,2023-11-01
002998.SZ,2023-11-02
003000.SZ,2023-11-02
002698.SZ,2023-11-02
002733.SZ,2023-11-03
002511.SZ,2023-11-03
605088.SH,2023-11-03
603579.SH,2023-11-03
603439.SH,2023-11-04
603813.SH,2023-11-04
603189.SH,2023-11-04
601969.SH,2023-11-04
600585.SH,2023-11-04
600521.SH,2023-11-07
600732.SH,2023-11-07
603713.SH,2023-11-07
603176.SH,2023-11-07
002825.SZ,2023-11-07
603757.SH,2023-11-07
603530.SH,2023-11-07
603589.SH,2023-11-08
001266.SZ,2023-11-09
002533.SZ,2023-11-09
002951.SZ,2023-11-10
002009.SZ,2023-11-10
002396.SZ,2023-11-11
605339.SH,2023-11-11
002454.SZ,2023-11-11
003016.SZ,2023-11-11
002271.SZ,2023-11-14
000597.SZ,2023-11-14
603566.SH,2023-11-14
600325.SH,2023-11-14
002513.SZ,2023-11-14
002573.SZ,2023-11-15
605056.SH,2023-11-16
600167.SH,2023-11-17
000039.SZ,2023-11-17
601801.SH,2023-11-17
002978.SZ,2023-11-18
601238.SH,2023-11-18
600698.SH,2023-11-18
002120.SZ,2023-11-20
603596.SH,2023-11-20
000800.SZ,2023-11-21
600353.SH,2023-11-21
600298.SH,2023-11-21
600821.SH,2023-11-22
000963.SZ,2023-11-22
002387.SZ,2023-11-23
002467.SZ,2023-11-23
002727.SZ,2023-11-23
601678.SH,2023-11-23
603081.SH,2023-11-23
002885.SZ,2023-11-23
002279.SZ,2023-11-24
002410.SZ,2023-11-25
002446.SZ,2023-11-25
002115.SZ,2023-11-25
603813.SH,2023-11-25
600750.SH,2023-11-25
601016.SH,2023-11-28
601777.SH,2023-11-28
002606.SZ,2023-11-28
600732.SH,2023-11-28
600052.SH,2023-11-28
000661.SZ,2023-11-28
601827.SH,2023-11-28
603112.SH,2023-11-28
002902.SZ,2023-11-28
600105.SH,2023-11-28
002946.SZ,2023-11-29
000100.SZ,2023-11-29
002857.SZ,2023-11-29
002969.SZ,2023-11-29
002230.SZ,2023-11-30
605020.SH,2023-11-30
002671.SZ,2023-11-30
600143.SH,2023-11-30
603538.SH,2023-11-30
605268.SH,2023-12-01
001314.SZ,2023-12-01
603010.SH,2023-12-01
605399.SH,2023-12-01
605399.SH,2023-12-01
002111.SZ,2023-12-01
002518.SZ,2023-12-01
600654.SH,2023-12-02
002139.SZ,2023-12-02
002140.SZ,2023-12-05
000066.SZ,2023-12-05
603901.SH,2023-12-05
002714.SZ,2023-12-06
605111.SH,2023-12-06
600400.SH,2023-12-07
000421.SZ,2023-12-07
002180.SZ,2023-12-07
603019.SH,2023-12-07
000650.SZ,2023-12-08
601668.SH,2023-12-08
002166.SZ,2023-12-08
603233.SH,2023-12-08
601567.SH,2023-12-08
600732.SH,2023-12-09
605338.SH,2023-12-09
002385.SZ,2023-12-09
002876.SZ,2023-12-09
002396.SZ,2023-12-09
600703.SH,2023-12-09
002962.SZ,2023-12-11
001330.SZ,2023-12-11
002256.SZ,2023-12-11
002254.SZ,2023-12-11
000779.SZ,2023-12-11
603223.SH,2023-12-12
603260.SH,2023-12-12
002340.SZ,2023-12-12
600048.SH,2023-12-12
001301.SZ,2023-12-12
603317.SH,2023-12-13
002810.SZ,2023-12-13
603867.SH,2023-12-13
600853.SH,2023-12-13
605168.SH,2023-12-13
002240.SZ,2023-12-13
002835.SZ,2023-12-13
603032.SH,2023-12-13
001267.SZ,2023-12-13
002287.SZ,2023-12-13
002372.SZ,2023-12-14
002568.SZ,2023-12-14
002073.SZ,2023-12-14
600422.SH,2023-12-14
600219.SH,2023-12-14
603605.SH,2023-12-14
002956.SZ,2023-12-14
002560.SZ,2023-12-16
603077.SH,2023-12-16
600702.SH,2023-12-16
605303.SH,2023-12-19
002301.SZ,2023-12-19
601567.SH,2023-12-19
603876.SH,2023-12-19
603882.SH,2023-12-19
600696.SH,2023-12-19
002261.SZ,2023-12-21
000411.SZ,2023-12-21
000582.SZ,2023-12-21
603267.SH,2023-12-21
002615.SZ,2023-12-21
605060.SH,2023-12-22
002388.SZ,2023-12-22
603187.SH,2023-12-23
600267.SH,2023-12-23
000778.SZ,2023-12-23
600169.SH,2023-12-23
002402.SZ,2023-12-23
002920.SZ,2023-12-23
002821.SZ,2023-12-23
002873.SZ,2023-12-23
002293.SZ,2023-12-23
002922.SZ,2023-12-23
600803.SH,2023-12-23
002821.SZ,2023-12-23
002597.SZ,2023-12-23
601975.SH,2023-12-25
002886.SZ,2023-12-25
600406.SH,2023-12-26
002558.SZ,2023-12-26
002179.SZ,2023-12-27
000790.SZ,2023-12-27
000883.SZ,2023-12-27
002664.SZ,2023-12-28
600480.SH,2023-12-28
603233.SH,2023-12-28
603212.SH,2023-12-28
002555.SZ,2023-12-28
002004.SZ,2023-12-28
605336.SH,2023-12-28
000758.SZ,2023-12-28
603444.SH,2023-12-28
600872.SH,2023-12-28
603507.SH,2023-12-28
002324.SZ,2023-12-28
600039.SH,2023-12-29
600536.SH,2023-12-29
600905.SH,2023-12-29
002624.SZ,2023-12-29
002567.SZ,2023-12-29
000534.SZ,2023-12-29
002254.SZ,2023-12-29
603515.SH,2023-12-29
002902.SZ,2023-12-29
601390.SH,2023-12-30
000576.SZ,2023-12-30
000962.SZ,2023-12-30
601086.SH,2023-12-30
002384.SZ,2023-12-30
002268.SZ,2023-12-30
000498.SZ,2023-12-30
601369.SH,2023-12-30
601138.SH,2024-01-03
002825.SZ,2024-01-03
000423.SZ,2024-01-03
603027.SH,2024-01-04
002550.SZ,2024-01-04
603456.SH,2024-01-05
600882.SH,2024-01-05
603518.SH,2024-01-05
002043.SZ,2024-01-06
000603.SZ,2024-01-06
603416.SH,2024-01-06
600875.SH,2024-01-06
001283.SZ,2024-01-09
002430.SZ,2024-01-09
003016.SZ,2024-01-09
000921.SZ,2024-01-09
000921.SZ,2024-01-09
603568.SH,2024-01-09
002279.SZ,2024-01-10
603530.SH,2024-01-10
601668.SH,2024-01-10
603799.SH,2024-01-10
603799.SH,2024-01-10
601211.SH,2024-01-11
000036.SZ,2024-01-11
002572.SZ,2024-01-12
000333.SZ,2024-01-12
002602.SZ,2024-01-12
603365.SH,2024-01-13
601899.SH,2024-01-13
002148.SZ,2024-01-13
603678.SH,2024-01-13
600501.SH,2024-01-13
605068.SH,2024-01-15
603612.SH,2024-01-15
002229.SZ,2024-01-15
600845.SH,2024-01-16
002570.SZ,2024-01-16
600285.SH,2024-01-17
000683.SZ,2024-01-17
002291.SZ,2024-01-17
600728.SH,2024-01-19
002968.SZ,2024-01-19
603368.SH,2024-01-19
605377.SH,2024-01-20
002312.SZ,2024-01-20
000661.SZ,2024-01-20
601016.SH,2024-01-20
603608.SH,2024-01-20
600261.SH,2024-01-20
000948.SZ,2024-01-20
000726.SZ,2024-01-20
603882.SH,2024-01-20
600572.SH,2024-01-23
000925.SZ,2024-01-23
600963.SH,2024-01-23
001215.SZ,2024-01-23
002324.SZ,2024-01-23
600888.SH,2024-01-24
002681.SZ,2024-01-24
603848.SH,2024-01-24
002373.SZ,2024-01-24
000568.SZ,2024-01-24
600298.SH,2024-01-24
603061.SH,2024-01-24
603501.SH,2024-01-24
002532.SZ,2024-01-24
600330.SH,2024-01-25
603077.SH,2024-01-25
002322.SZ,2024-01-25
603180.SH,2024-01-25
605066.SH,2024-01-25
600718.SH,2024-01-25
002965.SZ,2024-01-26
002859.SZ,2024-01-26
603551.SH,2024-01-26
603619.SH,2024-01-26
601800.SH,2024-01-27
605507.SH,2024-01-27
601208.SH,2024-01-27
003010.SZ,2024-01-27
002250.SZ,2024-01-27
002937.SZ,2024-01-29
601968.SH,2024-01-30
600867.SH,2024-01-30
600905.SH,2024-01-30
002405.SZ,2024-01-30
001256.SZ,2024-01-30
603179.SH,2024-01-31
002385.SZ,2024-01-31
002352.SZ,2024-01-31
603185.SH,2024-01-31
000589.SZ,2024-01-31
605133.SH,2024-02-01
600267.SH,2024-02-01
003029.SZ,2024-02-01
600703.SH,2024-02-01
600433.SH,2024-02-01
603516.SH,2024-02-01
002391.SZ,2024-02-01
603040.SH,2024-02-01
603606.SH,2024-02-01
002042.SZ,2024-02-01
002484.SZ,2024-02-01
002881.SZ,2024-02-01
603236.SH,2024-02-02
002970.SZ,2024-02-02
603998.SH,2024-02-02
002793.SZ,2024-02-02
603259.SH,2024-02-02
002635.SZ,2024-02-02
002212.SZ,2024-02-02
600222.SH,2024-02-02
002264.SZ,2024-02-02
002099.SZ,2024-02-03
000526.SZ,2024-02-03
605228.SH,2024-02-03
000926.SZ,2024-02-03
001222.SZ,2024-02-03
002138.SZ,2024-02-03
603758.SH,2024-02-03
003030.SZ,2024-02-03
002424.SZ,2024-02-03
603602.SH,2024-02-03
002645.SZ,2024-02-03
603551.SH,2024-02-03
002549.SZ,2024-02-03
603063.SH,2024-02-05
603517.SH,2024-02-05
600763.SH,2024-02-05
600363.SH,2024-02-05
600884.SH,2024-02-05
002506.SZ,2024-02-06
603956.SH,2024-02-06
600970.SH,2024-02-06
002139.SZ,2024-02-06
002666.SZ,2024-02-06
605358.SH,2024-02-06
600661.SH,2024-02-06
600212.SH,2024-02-06
603429.SH,2024-02-06
001324.SZ,2024-02-06
603158.SH,2024-02-06
603716.SH,2024-02-06
002273.SZ,2024-02-06
002951.SZ,2024-02-06
605167.SH,2024-02-06
600031.SH,2024-02-06
002803.SZ,2024-02-06
603656.SH,2024-02-06
002093.SZ,2024-02-06
605183.SH,2024-02-06
603708.SH,2024-02-06
002947.SZ,2024-02-06
605299.SH,2024-02-06
002008.SZ,2024-02-06
003012.SZ,2024-02-06
600022.SH,2024-02-06
003002.SZ,2024-02-06
603048.SH,2024-02-06
002587.SZ,2024-02-06
002111.SZ,2024-02-06
002582.SZ,2024-02-06
003010.SZ,2024-02-06
002351.SZ,2024-02-07
603818.SH,2024-02-07
002759.SZ,2024-02-07
603408.SH,2024-02-07
603969.SH,2024-02-07
001211.SZ,2024-02-07
600536.SH,2024-02-07
001283.SZ,2024-02-07
002663.SZ,2024-02-07
603399.SH,2024-02-07
603990.SH,2024-02-07
002627.SZ,2024-02-07
603800.SH,2024-02-07
002658.SZ,2024-02-07
600459.SH,2024-02-07
002375.SZ,2024-02-07
002908.SZ,2024-02-07
603558.SH,2024-02-07
002798.SZ,2024-02-07
605060.SH,2024-02-07
002960.SZ,2024-02-07
002169.SZ,2024-02-07
002376.SZ,2024-02-07
002641.SZ,2024-02-07
002879.SZ,2024-02-07
600746.SH,2024-02-07
603299.SH,2024-02-07
002909.SZ,2024-02-07
002925.SZ,2024-02-07
603629.SH,2024-02-07
002402.SZ,2024-02-07
600120.SH,2024-02-07
603687.SH,2024-02-07
002975.SZ,2024-02-07
003038.SZ,2024-02-07
603608.SH,2024-02-07
001209.SZ,2024-02-08
603039.SH,2024-02-08
603798.SH,2024-02-08
603660.SH,2024-02-08
001202.SZ,2024-02-08
003001.SZ,2024-02-08
002787.SZ,2024-02-08
001201.SZ,2024-02-08
603130.SH,2024-02-08
603822.SH,2024-02-08
002811.SZ,2024-02-08
600067.SH,2024-02-08
600131.SH,2024-02-08
002836.SZ,2024-02-08
603839.SH,2024-02-08
000850.SZ,2024-02-08
002117.SZ,2024-02-08
600826.SH,2024-02-08
603755.SH,2024-02-08
603203.SH,2024-02-08
002452.SZ,2024-02-08
002062.SZ,2024-02-08
600655.SH,2024-02-08
603378.SH,2024-02-08
603700.SH,2024-02-08
002404.SZ,2024-02-08
002858.SZ,2024-02-08
000818.SZ,2024-02-08
002225.SZ,2024-02-08
600173.SH,2024-02-08
605300.SH,2024-02-09
605068.SH,2024-02-09
003015.SZ,2024-02-19
600645.SH,2024-02-19
600227.SH,2024-02-19
603067.SH,2024-02-19
002753.SZ,2024-02-19
002398.SZ,2024-02-19
001360.SZ,2024-02-19
600641.SH,2024-02-19
002812.SZ,2024-02-19
603096.SH,2024-02-20
600362.SH,2024-02-20
002917.SZ,2024-02-20
603726.SH,2024-02-20
002885.SZ,2024-02-20
600738.SH,2024-02-20
603528.SH,2024-02-20
603356.SH,2024-02-20
603214.SH,2024-02-20
002820.SZ,2024-02-20
603683.SH,2024-02-20
603506.SH,2024-02-20
603166.SH,2024-02-20
002431.SZ,2024-02-20
002899.SZ,2024-02-20
002132.SZ,2024-02-20
002497.SZ,2024-02-20
001336.SZ,2024-02-20
002847.SZ,2024-02-20
002921.SZ,2024-02-20
002769.SZ,2024-02-20
600905.SH,2024-02-21
600080.SH,2024-02-21
601369.SH,2024-02-21
002634.SZ,2024-02-21
603978.SH,2024-02-21
601615.SH,2024-02-21
603950.SH,2024-02-21
603626.SH,2024-02-21
002910.SZ,2024-02-22
002382.SZ,2024-02-22
001299.SZ,2024-02-22
002494.SZ,2024-02-22
600543.SH,2024-02-22
002796.SZ,2024-02-22
002371.SZ,2024-02-22
002980.SZ,2024-02-22
603321.SH,2024-02-23
002212.SZ,2024-02-23
600525.SH,2024-02-23
603813.SH,2024-02-23
002718.SZ,2024-02-23
002819.SZ,2024-02-23
002683.SZ,2024-02-23
002830.SZ,2024-02-24
002760.SZ,2024-02-24
002162.SZ,2024-02-24
605089.SH,2024-02-24
603116.SH,2024-02-24
603217.SH,2024-02-24
603171.SH,2024-02-24
605069.SH,2024-02-24
600188.SH,2024-02-24
603879.SH,2024-02-27
600178.SH,2024-02-27
002459.SZ,2024-02-27
003028.SZ,2024-02-27
603219.SH,2024-02-27
605018.SH,2024-02-27
002671.SZ,2024-02-27
002520.SZ,2024-02-27
002459.SZ,2024-02-27
000534.SZ,2024-02-27
001309.SZ,2024-02-27
002009.SZ,2024-02-28
002436.SZ,2024-02-28
600843.SH,2024-02-29
603051.SH,2024-02-29
601615.SH,2024-02-29
603005.SH,2024-02-29
002389.SZ,2024-02-29
601012.SH,2024-03-01
002846.SZ,2024-03-01
603786.SH,2024-03-01
002501.SZ,2024-03-01
605287.SH,2024-03-02
002791.SZ,2024-03-02
002932.SZ,2024-03-02
600510.SH,2024-03-05
603276.SH,2024-03-05
600109.SH,2024-03-05
000576.SZ,2024-03-05
603986.SH,2024-03-06
603033.SH,2024-03-06
002594.SZ,2024-03-07
600662.SH,2024-03-08
603185.SH,2024-03-09
603185.SH,2024-03-09
603948.SH,2024-03-09
603185.SH,2024-03-09
603278.SH,2024-03-09
002286.SZ,2024-03-09
603259.SH,2024-03-09
002551.SZ,2024-03-10
600557.SH,2024-03-11
002600.SZ,2024-03-11
002768.SZ,2024-03-11
002554.SZ,2024-03-11
002657.SZ,2024-03-12
600501.SH,2024-03-12
600433.SH,2024-03-12
000623.SZ,2024-03-12
600479.SH,2024-03-12
605339.SH,2024-03-12
600060.SH,2024-03-12
002714.SZ,2024-03-12
600732.SH,2024-03-13
603998.SH,2024-03-13
601956.SH,2024-03-14
603396.SH,2024-03-14
000026.SZ,2024-03-14
002864.SZ,2024-03-14
600186.SH,2024-03-15
000837.SZ,2024-03-16
605588.SH,2024-03-16
600057.SH,2024-03-16
603233.SH,2024-03-16
002282.SZ,2024-03-19
000989.SZ,2024-03-19
600888.SH,2024-03-19
603083.SH,2024-03-19
002401.SZ,2024-03-19
000913.SZ,2024-03-20
000661.SZ,2024-03-20
600729.SH,2024-03-20
601126.SH,2024-03-20
002468.SZ,2024-03-21
003016.SZ,2024-03-21
600521.SH,2024-03-21
600389.SH,2024-03-22
603187.SH,2024-03-22
603877.SH,2024-03-22
600062.SH,2024-03-22
600750.SH,2024-03-23
603399.SH,2024-03-23
601686.SH,2024-03-23
003006.SZ,2024-03-23
003037.SZ,2024-03-23
002759.SZ,2024-03-25
002950.SZ,2024-03-26
600486.SH,2024-03-26
002648.SZ,2024-03-26
002410.SZ,2024-03-26
000680.SZ,2024-03-26
000629.SZ,2024-03-26
002709.SZ,2024-03-26
603161.SH,2024-03-26
600882.SH,2024-03-26
002410.SZ,2024-03-26
605336.SH,2024-03-27
000593.SZ,2024-03-27
603215.SH,2024-03-27
000795.SZ,2024-03-28
002972.SZ,2024-03-28
003000.SZ,2024-03-28
002151.SZ,2024-03-28
603317.SH,2024-03-28
605111.SH,2024-03-28
600814.SH,2024-03-28
000739.SZ,2024-03-28
603109.SH,2024-03-29
002068.SZ,2024-03-29
000898.SZ,2024-03-29
002895.SZ,2024-03-29
603367.SH,2024-03-29
002922.SZ,2024-03-30
000534.SZ,2024-03-30
002577.SZ,2024-03-30
002402.SZ,2024-03-30
002843.SZ,2024-03-30
002032.SZ,2024-03-30
000903.SZ,2024-03-30
002938.SZ,2024-03-30
003021.SZ,2024-03-30
002560.SZ,2024-03-30
600588.SH,2024-03-30
002678.SZ,2024-03-30
600673.SH,2024-03-30
600955.SH,2024-03-30
601633.SH,2024-03-30
000800.SZ,2024-03-30
002690.SZ,2024-03-30
600654.SH,2024-03-30
603408.SH,2024-03-30
600081.SH,2024-03-30
003027.SZ,2024-03-30
000962.SZ,2024-04-02
600855.SH,2024-04-02
600500.SH,2024-04-02
000725.SZ,2024-04-02
600850.SH,2024-04-02
600817.SH,2024-04-02
600171.SH,2024-04-02
002655.SZ,2024-04-03
600963.SH,2024-04-04
603567.SH,2024-04-04
600713.SH,2024-04-08
603456.SH,2024-04-09
601965.SH,2024-04-09
601965.SH,2024-04-09
002276.SZ,2024-04-11
600433.SH,2024-04-11
002552.SZ,2024-04-11
002148.SZ,2024-04-12
603713.SH,2024-04-12
000564.SZ,2024-04-12
000503.SZ,2024-04-12
002617.SZ,2024-04-12
601519.SH,2024-04-12
002873.SZ,2024-04-12
601777.SH,2024-04-13
601208.SH,2024-04-13
600353.SH,2024-04-13
002815.SZ,2024-04-13
002439.SZ,2024-04-13
002990.SZ,2024-04-13
603100.SH,2024-04-13
603883.SH,2024-04-13
603893.SH,2024-04-15
603893.SH,2024-04-15
002236.SZ,2024-04-16
002915.SZ,2024-04-16
603183.SH,2024-04-16
002518.SZ,2024-04-16
002859.SZ,2024-04-16
002819.SZ,2024-04-16
000581.SZ,2024-04-16
603995.SH,2024-04-16
600063.SH,2024-04-16
603882.SH,2024-04-16
605118.SH,2024-04-16
002398.SZ,2024-04-16
003001.SZ,2024-04-17
603281.SH,2024-04-17
002937.SZ,2024-04-18
002195.SZ,2024-04-18
600568.SH,2024-04-18
002003.SZ,2024-04-18
002167.SZ,2024-04-19
605589.SH,2024-04-19
002240.SZ,2024-04-19
601686.SH,2024-04-19
603138.SH,2024-04-19
601002.SH,2024-04-19
601366.SH,2024-04-19
002324.SZ,2024-04-19
600381.SH,2024-04-19
603900.SH,2024-04-19
600549.SH,2024-04-19
600698.SH,2024-04-20
002191.SZ,2024-04-20
603326.SH,2024-04-20
603489.SH,2024-04-20
600859.SH,2024-04-20
600429.SH,2024-04-20
603986.SH,2024-04-20
600990.SH,2024-04-20
603005.SH,2024-04-20
002415.SZ,2024-04-20
600571.SH,2024-04-20
603663.SH,2024-04-20
600975.SH,2024-04-20
603657.SH,2024-04-20
603095.SH,2024-04-23
002785.SZ,2024-04-23
600711.SH,2024-04-23
002902.SZ,2024-04-23
605365.SH,2024-04-23
600039.SH,2024-04-23
002840.SZ,2024-04-23
002937.SZ,2024-04-23
600169.SH,2024-04-23
600510.SH,2024-04-23
002413.SZ,2024-04-23
605090.SH,2024-04-23
002825.SZ,2024-04-23
002230.SZ,2024-04-23
603583.SH,2024-04-24
002687.SZ,2024-04-24
002056.SZ,2024-04-24
002271.SZ,2024-04-24
600718.SH,2024-04-24
002330.SZ,2024-04-24
002970.SZ,2024-04-24
002984.SZ,2024-04-24
603150.SH,2024-04-25
603237.SH,2024-04-25
603215.SH,2024-04-25
002841.SZ,2024-04-25
000635.SZ,2024-04-25
603087.SH,2024-04-25
600200.SH,2024-04-25
001301.SZ,2024-04-25
002511.SZ,2024-04-25
002842.SZ,2024-04-25
603162.SH,2024-04-25
002749.SZ,2024-04-25
002606.SZ,2024-04-25
002043.SZ,2024-04-25
603077.SH,2024-04-25
600400.SH,2024-04-25
603968.SH,2024-04-25
000930.SZ,2024-04-25
603218.SH,2024-04-25
002544.SZ,2024-04-25
603357.SH,2024-04-26
600557.SH,2024-04-26
605296.SH,2024-04-26
600664.SH,2024-04-26
603399.SH,2024-04-26
002568.SZ,2024-04-26
600664.SH,2024-04-26
002946.SZ,2024-04-26
600216.SH,2024-04-26
603587.SH,2024-04-26
000757.SZ,2024-04-26
000516.SZ,2024-04-26
600361.SH,2024-04-26
002962.SZ,2024-04-26
002634.SZ,2024-04-26
603588.SH,2024-04-26
001205.SZ,2024-04-26
600664.SH,2024-04-26
600198.SH,2024-04-26
603195.SH,2024-04-26
002611.SZ,2024-04-26
600877.SH,2024-04-26
600536.SH,2024-04-26
603856.SH,2024-04-26
002261.SZ,2024-04-26
002831.SZ,2024-04-26
603380.SH,2024-04-26
002829.SZ,2024-04-26
002979.SZ,2024-04-26
002180.SZ,2024-04-27
603960.SH,2024-04-27
603486.SH,2024-04-27
603486.SH,2024-04-27
603707.SH,2024-04-27
603289.SH,2024-04-27
002930.SZ,2024-04-27
600704.SH,2024-04-27
603633.SH,2024-04-27
001215.SZ,2024-04-27
603297.SH,2024-04-27
002925.SZ,2024-04-27
600278.SH,2024-04-27
000883.SZ,2024-04-27
002649.SZ,2024-04-27
002283.SZ,2024-04-27
600537.SH,2024-04-27
603439.SH,2024-04-27
600019.SH,2024-04-27
603322.SH,2024-04-27
002609.SZ,2024-04-27
000925.SZ,2024-04-27
603958.SH,2024-04-27
000723.SZ,2024-04-27
002957.SZ,2024-04-27
000056.SZ,2024-04-27
603660.SH,2024-04-27
600732.SH,2024-04-27
600901.SH,2024-04-27
603899.SH,2024-04-27
600579.SH,2024-04-27
002293.SZ,2024-04-27
600228.SH,2024-04-27
605369.SH,2024-04-27
603196.SH,2024-04-27
603915.SH,2024-04-27
000759.SZ,2024-04-27
600365.SH,2024-04-27
002765.SZ,2024-04-27
002420.SZ,2024-04-27
603261.SH,2024-04-27
603501.SH,2024-04-27
603803.SH,2024-04-27
600105.SH,2024-04-27
002885.SZ,2024-04-27
003029.SZ,2024-04-27
603256.SH,2024-04-27
001283.SZ,2024-04-27
002824.SZ,2024-04-29
003026.SZ,2024-04-29
600580.SH,2024-04-29
603201.SH,2024-04-29
002688.SZ,2024-04-29
002397.SZ,2024-04-29
002992.SZ,2024-04-29
603216.SH,2024-04-29
001314.SZ,2024-04-29
003003.SZ,2024-04-29
601117.SH,2024-04-29
002389.SZ,2024-04-29
603118.SH,2024-04-29
002363.SZ,2024-04-29
000877.SZ,2024-04-30
002229.SZ,2024-04-30
002605.SZ,2024-04-30
601126.SH,2024-04-30
603818.SH,2024-04-30
603665.SH,2024-04-30
605155.SH,2024-04-30
603363.SH,2024-04-30
000425.SZ,2024-04-30
601816.SH,2024-04-30
600887.SH,2024-04-30
002440.SZ,2024-04-30
600817.SH,2024-04-30
600079.SH,2024-04-30
002573.SZ,2024-04-30
000893.SZ,2024-04-30
600887.SH,2024-04-30
603203.SH,2024-04-30
600153.SH,2024-04-30
002036.SZ,2024-04-30
002036.SZ,2024-04-30
002036.SZ,2024-04-30
605336.SH,2024-04-30
000803.SZ,2024-04-30
000851.SZ,2024-04-30
600248.SH,2024-04-30
605366.SH,2024-04-30
000561.SZ,2024-04-30
603789.SH,2024-04-30
002892.SZ,2024-04-30
600480.SH,2024-04-30
002795.SZ,2024-04-30
003016.SZ,2024-04-30
603690.SH,2024-04-30
000790.SZ,2024-04-30
603355.SH,2024-04-30
002196.SZ,2024-04-30
002513.SZ,2024-04-30
601611.SH,2024-04-30
600477.SH,2024-04-30
603319.SH,2024-04-30
002272.SZ,2024-04-30
603378.SH,2024-04-30
603662.SH,2024-04-30
002103.SZ,2024-04-30
002693.SZ,2024-04-30
002426.SZ,2024-05-06
000701.SZ,2024-05-06
601138.SH,2024-05-07
001380.SZ,2024-05-07
603165.SH,2024-05-08
603655.SH,2024-05-09
002943.SZ,2024-05-09
002054.SZ,2024-05-09
002611.SZ,2024-05-10
002410.SZ,2024-05-10
003019.SZ,2024-05-10
002410.SZ,2024-05-10
002895.SZ,2024-05-10
605183.SH,2024-05-11
002219.SZ,2024-05-11
002212.SZ,2024-05-11
002141.SZ,2024-05-13
001228.SZ,2024-05-14
601069.SH,2024-05-14
603655.SH,2024-05-14
002126.SZ,2024-05-14
000922.SZ,2024-05-14
603596.SH,2024-05-14
603279.SH,2024-05-14
002803.SZ,2024-05-15
600702.SH,2024-05-15
000999.SZ,2024-05-15
002197.SZ,2024-05-15
600595.SH,2024-05-16
600276.SH,2024-05-16
603688.SH,2024-05-16
603017.SH,2024-05-16
600268.SH,2024-05-17
600576.SH,2024-05-17
002312.SZ,2024-05-18
600507.SH,2024-05-18
002329.SZ,2024-05-18
002390.SZ,2024-05-18
600123.SH,2024-05-18
603368.SH,2024-05-18
002422.SZ,2024-05-21
000825.SZ,2024-05-21
603919.SH,2024-05-21
603727.SH,2024-05-21
600252.SH,2024-05-22
002145.SZ,2024-05-22
000576.SZ,2024-05-22
002959.SZ,2024-05-23
001256.SZ,2024-05-23
001255.SZ,2024-05-23
600131.SH,2024-05-23
600619.SH,2024-05-23
603933.SH,2024-05-23
001259.SZ,2024-05-24
002688.SZ,2024-05-24
600095.SH,2024-05-24
002724.SZ,2024-05-24
002983.SZ,2024-05-25
001339.SZ,2024-05-28
603303.SH,2024-05-28
001205.SZ,2024-05-28
600486.SH,2024-05-28
003004.SZ,2024-05-28
600130.SH,2024-05-28
002312.SZ,2024-05-28
603019.SH,2024-05-28
603267.SH,2024-05-28
000421.SZ,2024-05-29
000935.SZ,2024-05-29
000726.SZ,2024-05-29
603658.SH,2024-05-29
002432.SZ,2024-05-29
605388.SH,2024-05-29
601231.SH,2024-05-30
603156.SH,2024-05-30
000987.SZ,2024-05-30
001230.SZ,2024-05-30
605138.SH,2024-05-30
000952.SZ,2024-05-30
603209.SH,2024-05-30
603055.SH,2024-05-30
002588.SZ,2024-05-31
002318.SZ,2024-05-31
002204.SZ,2024-05-31
000589.SZ,2024-05-31
603885.SH,2024-05-31
002980.SZ,2024-05-31
603725.SH,2024-06-01
600699.SH,2024-06-01
603657.SH,2024-06-01
000912.SZ,2024-06-01
002782.SZ,2024-06-04
001323.SZ,2024-06-04
600666.SH,2024-06-04
603289.SH,2024-06-04
000921.SZ,2024-06-04
603296.SH,2024-06-04
000568.SZ,2024-06-05
600370.SH,2024-06-05
603900.SH,2024-06-05
603588.SH,2024-06-05
003010.SZ,2024-06-05
603716.SH,2024-06-05
601633.SH,2024-06-05
002735.SZ,2024-06-05
601633.SH,2024-06-05
603379.SH,2024-06-05
601126.SH,2024-06-05
603650.SH,2024-06-05
601929.SH,2024-06-05
002050.SZ,2024-06-05
002396.SZ,2024-06-06
605338.SH,2024-06-06
002657.SZ,2024-06-06
000555.SZ,2024-06-06
601609.SH,2024-06-06
000503.SZ,2024-06-06
002812.SZ,2024-06-07
002166.SZ,2024-06-07
600581.SH,2024-06-07
002637.SZ,2024-06-07
603195.SH,2024-06-07
600884.SH,2024-06-07
600406.SH,2024-06-07
603306.SH,2024-06-07
603608.SH,2024-06-07
601519.SH,2024-06-07
603153.SH,2024-06-07
600438.SH,2024-06-07
603650.SH,2024-06-07
600884.SH,2024-06-07
603939.SH,2024-06-08
002965.SZ,2024-06-08
600422.SH,2024-06-08
603062.SH,2024-06-08
002266.SZ,2024-06-08
600787.SH,2024-06-08
603879.SH,2024-06-11
600566.SH,2024-06-11
603536.SH,2024-06-12
601609.SH,2024-06-12
603317.SH,2024-06-12
002387.SZ,2024-06-12
603339.SH,2024-06-12
002353.SZ,2024-06-12
605228.SH,2024-06-12
002132.SZ,2024-06-12
002264.SZ,2024-06-12
002728.SZ,2024-06-12
605266.SH,2024-06-12
603956.SH,2024-06-12
603938.SH,2024-06-12
600967.SH,2024-06-13
600728.SH,2024-06-13
603863.SH,2024-06-13
002206.SZ,2024-06-13
601969.SH,2024-06-13
600143.SH,2024-06-13
601366.SH,2024-06-13
603667.SH,2024-06-14
603032.SH,2024-06-14
603738.SH,2024-06-14
002860.SZ,2024-06-14
605338.SH,2024-06-14
001322.SZ,2024-06-14
605488.SH,2024-06-14
002727.SZ,2024-06-14
002317.SZ,2024-06-15
603638.SH,2024-06-15
002524.SZ,2024-06-15
603567.SH,2024-06-15
002074.SZ,2024-06-15
000963.SZ,2024-06-15
000333.SZ,2024-06-15
000333.SZ,2024-06-15
000333.SZ,2024-06-15
000333.SZ,2024-06-15
000627.SZ,2024-06-15
605277.SH,2024-06-15
000333.SZ,2024-06-15
603858.SH,2024-06-15
600373.SH,2024-06-17
002601.SZ,2024-06-18
605007.SH,2024-06-18
600803.SH,2024-06-18
605111.SH,2024-06-18
000400.SZ,2024-06-18
600998.SH,2024-06-18
000672.SZ,2024-06-18
002601.SZ,2024-06-18
603333.SH,2024-06-18
601666.SH,2024-06-19
002702.SZ,2024-06-19
605289.SH,2024-06-19
603327.SH,2024-06-19
603077.SH,2024-06-19
605286.SH,2024-06-19
603235.SH,2024-06-20
002557.SZ,2024-06-20
002957.SZ,2024-06-20
000526.SZ,2024-06-20
001313.SZ,2024-06-20
002084.SZ,2024-06-20
603117.SH,2024-06-20
601089.SH,2024-06-20
603980.SH,2024-06-20
601010.SH,2024-06-20
605266.SH,2024-06-21
600308.SH,2024-06-21
605339.SH,2024-06-21
603515.SH,2024-06-22
002215.SZ,2024-06-22
600227.SH,2024-06-22
002215.SZ,2024-06-22
600929.SH,2024-06-22
600227.SH,2024-06-22
002215.SZ,2024-06-22
603023.SH,2024-06-22
600594.SH,2024-06-22
605155.SH,2024-06-22
002812.SZ,2024-06-22
605088.SH,2024-06-22
002150.SZ,2024-06-22
002131.SZ,2024-06-24
600732.SH,2024-06-25
002255.SZ,2024-06-25
605488.SH,2024-06-25
603609.SH,2024-06-25
600031.SH,2024-06-25
002442.SZ,2024-06-25
605268.SH,2024-06-25
605296.SH,2024-06-25
605208.SH,2024-06-25
002035.SZ,2024-06-25
603773.SH,2024-06-25
000731.SZ,2024-06-25
000882.SZ,2024-06-25
603777.SH,2024-06-26
605177.SH,2024-06-26
001268.SZ,2024-06-26
000850.SZ,2024-06-26
000703.SZ,2024-06-26
600230.SH,2024-06-26
600231.SH,2024-06-26
603998.SH,2024-06-26
002024.SZ,2024-06-26
603659.SH,2024-06-26
600881.SH,2024-06-27
603786.SH,2024-06-27
600285.SH,2024-06-27
603168.SH,2024-06-27
600527.SH,2024-06-27
603776.SH,2024-06-27
603861.SH,2024-06-27
600061.SH,2024-06-27
603215.SH,2024-06-28
603681.SH,2024-06-28
600868.SH,2024-06-28
600817.SH,2024-06-28
002821.SZ,2024-06-28
002141.SZ,2024-06-28
000034.SZ,2024-06-28
002365.SZ,2024-06-28
600642.SH,2024-06-28
002327.SZ,2024-06-28
002327.SZ,2024-06-28
000598.SZ,2024-06-29
600963.SH,2024-06-29
603177.SH,2024-06-29
600426.SH,2024-06-29
600595.SH,2024-06-29
605588.SH,2024-06-29
600509.SH,2024-06-29
600475.SH,2024-06-29
603018.SH,2024-07-01
603612.SH,2024-07-01
000592.SZ,2024-07-01
603366.SH,2024-07-02
002430.SZ,2024-07-02
603833.SH,2024-07-02
002389.SZ,2024-07-02
603859.SH,2024-07-02
605066.SH,2024-07-02
601717.SH,2024-07-02
603112.SH,2024-07-02
603659.SH,2024-07-02
601005.SH,2024-07-03
600162.SH,2024-07-03
000813.SZ,2024-07-03
600298.SH,2024-07-03
600113.SH,2024-07-03
603171.SH,2024-07-03
603028.SH,2024-07-04
601880.SH,2024-07-04
002321.SZ,2024-07-04
603277.SH,2024-07-05
600643.SH,2024-07-05
600057.SH,2024-07-05
605287.SH,2024-07-05
000830.SZ,2024-07-06
002935.SZ,2024-07-06
605151.SH,2024-07-06
601500.SH,2024-07-06
601567.SH,2024-07-06
603901.SH,2024-07-06
600545.SH,2024-07-06
601633.SH,2024-07-06
603511.SH,2024-07-06
603055.SH,2024-07-06
603429.SH,2024-07-06
600522.SH,2024-07-08
001358.SZ,2024-07-09
600208.SH,2024-07-09
605189.SH,2024-07-09
600110.SH,2024-07-09
600867.SH,2024-07-09
002021.SZ,2024-07-09
002661.SZ,2024-07-09
600580.SH,2024-07-09
002057.SZ,2024-07-10
002705.SZ,2024-07-10
002988.SZ,2024-07-10
002203.SZ,2024-07-10
001316.SZ,2024-07-10
000953.SZ,2024-07-10
600487.SH,2024-07-10
603135.SH,2024-07-10
603272.SH,2024-07-10
600507.SH,2024-07-10
603458.SH,2024-07-10
605488.SH,2024-07-11
600867.SH,2024-07-11
003003.SZ,2024-07-11
603337.SH,2024-07-11
002821.SZ,2024-07-11
002821.SZ,2024-07-11
003017.SZ,2024-07-11
600488.SH,2024-07-11
603815.SH,2024-07-11
603801.SH,2024-07-11
003026.SZ,2024-07-11
603758.SH,2024-07-11
603876.SH,2024-07-12
002960.SZ,2024-07-12
000528.SZ,2024-07-12
002627.SZ,2024-07-12
002701.SZ,2024-07-12
000925.SZ,2024-07-12
002073.SZ,2024-07-12
603337.SH,2024-07-12
600337.SH,2024-07-13
002103.SZ,2024-07-13
603529.SH,2024-07-13
002640.SZ,2024-07-13
603312.SH,2024-07-13
600116.SH,2024-07-15
603800.SH,2024-07-16
002802.SZ,2024-07-16
605377.SH,2024-07-16
002431.SZ,2024-07-16
603201.SH,2024-07-16
600366.SH,2024-07-16
600366.SH,2024-07-16
603848.SH,2024-07-16
603111.SH,2024-07-17
600755.SH,2024-07-17
002291.SZ,2024-07-17
603505.SH,2024-07-17
603590.SH,2024-07-17
605168.SH,2024-07-17
000670.SZ,2024-07-17
002067.SZ,2024-07-17
002388.SZ,2024-07-18
603088.SH,2024-07-18
002240.SZ,2024-07-19
603383.SH,2024-07-19
000883.SZ,2024-07-19
000785.SZ,2024-07-19
000661.SZ,2024-07-20
002909.SZ,2024-07-20
605020.SH,2024-07-20
603518.SH,2024-07-22
002518.SZ,2024-07-23
002638.SZ,2024-07-23
002116.SZ,2024-07-23
600009.SH,2024-07-23
600566.SH,2024-07-23
603918.SH,2024-07-23
605151.SH,2024-07-23
600256.SH,2024-07-23
600446.SH,2024-07-23
000933.SZ,2024-07-24
605589.SH,2024-07-24
000869.SZ,2024-07-24
000970.SZ,2024-07-24
002478.SZ,2024-07-25
605056.SH,2024-07-25
600779.SH,2024-07-25
002374.SZ,2024-07-25
002108.SZ,2024-07-25
001266.SZ,2024-07-25
000597.SZ,2024-07-26
002986.SZ,2024-07-26
002170.SZ,2024-07-26
603218.SH,2024-07-26
603309.SH,2024-07-26
000959.SZ,2024-07-26
600328.SH,2024-07-26
001218.SZ,2024-07-26
002841.SZ,2024-07-27
002843.SZ,2024-07-27
600765.SH,2024-07-27
603217.SH,2024-07-27
002687.SZ,2024-07-30
601138.SH,2024-07-31
601600.SH,2024-07-31
600655.SH,2024-07-31
600803.SH,2024-08-01
603127.SH,2024-08-01
000488.SZ,2024-08-01
600905.SH,2024-08-01
603713.SH,2024-08-02
002706.SZ,2024-08-02
603162.SH,2024-08-02
002467.SZ,2024-08-03
605128.SH,2024-08-03
603077.SH,2024-08-03
002078.SZ,2024-08-03
600196.SH,2024-08-03
600810.SH,2024-08-06
000501.SZ,2024-08-06
605369.SH,2024-08-07
600196.SH,2024-08-08
603713.SH,2024-08-09
600846.SH,2024-08-09
002962.SZ,2024-08-09
603102.SH,2024-08-09
600754.SH,2024-08-10
002582.SZ,2024-08-10
603215.SH,2024-08-10
605398.SH,2024-08-12
605168.SH,2024-08-13
003038.SZ,2024-08-13
605365.SH,2024-08-13
605196.SH,2024-08-14
601969.SH,2024-08-14
002003.SZ,2024-08-14
000759.SZ,2024-08-15
600178.SH,2024-08-15
600351.SH,2024-08-15
603009.SH,2024-08-15
600326.SH,2024-08-16
600415.SH,2024-08-16
002254.SZ,2024-08-17
603869.SH,2024-08-17
002821.SZ,2024-08-17
002457.SZ,2024-08-17
603477.SH,2024-08-19
002840.SZ,2024-08-20
000551.SZ,2024-08-20
603901.SH,2024-08-21
000893.SZ,2024-08-21
600871.SH,2024-08-21
002920.SZ,2024-08-21
600433.SH,2024-08-21
000026.SZ,2024-08-21
003000.SZ,2024-08-22
002690.SZ,2024-08-22
600315.SH,2024-08-22
603019.SH,2024-08-23
603138.SH,2024-08-23
603823.SH,2024-08-23
605318.SH,2024-08-23
002960.SZ,2024-08-23
002393.SZ,2024-08-23
601686.SH,2024-08-23
002402.SZ,2024-08-23
600062.SH,2024-08-23
000657.SZ,2024-08-23
002478.SZ,2024-08-23
600215.SH,2024-08-23
002240.SZ,2024-08-24
603966.SH,2024-08-24
002437.SZ,2024-08-24
600498.SH,2024-08-24
603282.SH,2024-08-24
600458.SH,2024-08-24
002105.SZ,2024-08-24
002202.SZ,2024-08-24
603456.SH,2024-08-27
600486.SH,2024-08-27
600817.SH,2024-08-27
600018.SH,2024-08-27
600987.SH,2024-08-27
002615.SZ,2024-08-27
605566.SH,2024-08-27
603255.SH,2024-08-27
000919.SZ,2024-08-27
002150.SZ,2024-08-27
600010.SH,2024-08-28
600079.SH,2024-08-28
002969.SZ,2024-08-28
001215.SZ,2024-08-28
002585.SZ,2024-08-28
601865.SH,2024-08-28
601366.SH,2024-08-28
603676.SH,2024-08-28
002405.SZ,2024-08-28
603367.SH,2024-08-28
605018.SH,2024-08-28
605020.SH,2024-08-28
603225.SH,2024-08-28
603605.SH,2024-08-28
603899.SH,2024-08-28
000903.SZ,2024-08-28
603728.SH,2024-08-28
000913.SZ,2024-08-28
605020.SH,2024-08-28
000777.SZ,2024-08-28
600278.SH,2024-08-29
000408.SZ,2024-08-29
001330.SZ,2024-08-29
002903.SZ,2024-08-29
002758.SZ,2024-08-29
002959.SZ,2024-08-29
603040.SH,2024-08-29
603709.SH,2024-08-29
603396.SH,2024-08-29
603355.SH,2024-08-30
605338.SH,2024-08-30
605196.SH,2024-08-30
603617.SH,2024-08-30
002851.SZ,2024-08-30
600587.SH,2024-08-30
000999.SZ,2024-08-30
600060.SH,2024-08-30
603177.SH,2024-08-30
000969.SZ,2024-08-30
002213.SZ,2024-08-30
600884.SH,2024-08-30
600888.SH,2024-08-30
002132.SZ,2024-08-30
603822.SH,2024-08-31
000534.SZ,2024-08-31
000625.SZ,2024-08-31
001309.SZ,2024-08-31
601390.SH,2024-08-31
000898.SZ,2024-08-31
601688.SH,2024-08-31
600039.SH,2024-08-31
603818.SH,2024-08-31
600098.SH,2024-08-31
603228.SH,2024-08-31
600378.SH,2024-08-31
601117.SH,2024-08-31
603168.SH,2024-08-31
002609.SZ,2024-08-31
601126.SH,2024-08-31
002892.SZ,2024-09-03
600380.SH,2024-09-03
002458.SZ,2024-09-03
002151.SZ,2024-09-04
605007.SH,2024-09-04
002706.SZ,2024-09-04
600382.SH,2024-09-04
600050.SH,2024-09-05
603008.SH,2024-09-05
603889.SH,2024-09-06
002847.SZ,2024-09-06
601016.SH,2024-09-07
603878.SH,2024-09-10
002901.SZ,2024-09-11
603259.SH,2024-09-11
002511.SZ,2024-09-11
605589.SH,2024-09-12
600273.SH,2024-09-12
601138.SH,2024-09-12
603690.SH,2024-09-12
002629.SZ,2024-09-13
600729.SH,2024-09-13
603312.SH,2024-09-13
603439.SH,2024-09-13
603173.SH,2024-09-14
605222.SH,2024-09-14
002900.SZ,2024-09-19
603365.SH,2024-09-19
600698.SH,2024-09-19
600516.SH,2024-09-19
605266.SH,2024-09-20
603356.SH,2024-09-20
001231.SZ,2024-09-20
603326.SH,2024-09-21
605358.SH,2024-09-21
600887.SH,2024-09-21
002350.SZ,2024-09-21
603220.SH,2024-09-23
002324.SZ,2024-09-23
002688.SZ,2024-09-24
000568.SZ,2024-09-24
002953.SZ,2024-09-24
600873.SH,2024-09-24
000048.SZ,2024-09-24
002492.SZ,2024-09-24
000421.SZ,2024-09-25
603628.SH,2024-09-25
000403.SZ,2024-09-25
600252.SH,2024-09-26
600662.SH,2024-09-26
002559.SZ,2024-09-26
600237.SH,2024-09-26
002792.SZ,2024-09-27
002766.SZ,2024-09-27
600400.SH,2024-09-27
603916.SH,2024-09-27
603258.SH,2024-09-27
001339.SZ,2024-09-28
002340.SZ,2024-09-28
002392.SZ,2024-09-28
001298.SZ,2024-09-28
603590.SH,2024-09-30
605056.SH,2024-10-01
603811.SH,2024-10-01
002385.SZ,2024-10-08
002281.SZ,2024-10-08
002631.SZ,2024-10-09
002967.SZ,2024-10-09
002696.SZ,2024-10-09
600808.SH,2024-10-09
002534.SZ,2024-10-10
603109.SH,2024-10-10
000153.SZ,2024-10-10
603390.SH,2024-10-10
603283.SH,2024-10-10
601366.SH,2024-10-10
605166.SH,2024-10-10
002625.SZ,2024-10-10
601226.SH,2024-10-11
601238.SH,2024-10-11
605588.SH,2024-10-11
600267.SH,2024-10-11
601238.SH,2024-10-11
600200.SH,2024-10-11
605366.SH,2024-10-11
002803.SZ,2024-10-12
000409.SZ,2024-10-12
002083.SZ,2024-10-12
002034.SZ,2024-10-12
600881.SH,2024-10-12
001301.SZ,2024-10-15
600507.SH,2024-10-15
002318.SZ,2024-10-15
600894.SH,2024-10-15
002631.SZ,2024-10-15
002249.SZ,2024-10-16
603939.SH,2024-10-16
600728.SH,2024-10-16
002050.SZ,2024-10-16
000425.SZ,2024-10-17
001914.SZ,2024-10-17
603258.SH,2024-10-17
002261.SZ,2024-10-17
001965.SZ,2024-10-17
001979.SZ,2024-10-17
603713.SH,2024-10-17
601598.SH,2024-10-17
002540.SZ,2024-10-17
603065.SH,2024-10-18
601872.SH,2024-10-18
001296.SZ,2024-10-18
603848.SH,2024-10-18
002925.SZ,2024-10-19
603799.SH,2024-10-19
002488.SZ,2024-10-19
000811.SZ,2024-10-19
603368.SH,2024-10-19
001872.SZ,2024-10-20
601919.SH,2024-10-21
600028.SH,2024-10-21
601866.SH,2024-10-21
603986.SH,2024-10-21
601133.SH,2024-10-22
603138.SH,2024-10-22
605009.SH,2024-10-22
601615.SH,2024-10-22
002437.SZ,2024-10-22
603087.SH,2024-10-23
603713.SH,2024-10-23
603187.SH,2024-10-24
000703.SZ,2024-10-24
002671.SZ,2024-10-24
603650.SH,2024-10-25
000848.SZ,2024-10-25
603215.SH,2024-10-25
002032.SZ,2024-10-25
605365.SH,2024-10-26
002758.SZ,2024-10-26
600750.SH,2024-10-26
603196.SH,2024-10-26
603986.SH,2024-10-26
603012.SH,2024-10-26
605009.SH,2024-10-26
600062.SH,2024-10-26
002299.SZ,2024-10-26
601668.SH,2024-10-26
600963.SH,2024-10-26
002040.SZ,2024-10-26
002895.SZ,2024-10-28
002987.SZ,2024-10-29
000601.SZ,2024-10-29
605268.SH,2024-10-29
603331.SH,2024-10-29
600183.SH,2024-10-29
603365.SH,2024-10-29
605296.SH,2024-10-29
603337.SH,2024-10-29
600702.SH,2024-10-29
603639.SH,2024-10-29
603286.SH,2024-10-29
603277.SH,2024-10-29
002036.SZ,2024-10-29
603277.SH,2024-10-29
002271.SZ,2024-10-29
002110.SZ,2024-10-29
603276.SH,2024-10-29
001270.SZ,2024-10-29
001283.SZ,2024-10-29
605266.SH,2024-10-30
603883.SH,2024-10-30
605266.SH,2024-10-30
003020.SZ,2024-10-30
603657.SH,2024-10-30
600406.SH,2024-10-30
002268.SZ,2024-10-30
000582.SZ,2024-10-30
600501.SH,2024-10-30
600817.SH,2024-10-30
603032.SH,2024-10-30
002643.SZ,2024-10-30
605133.SH,2024-10-30
603855.SH,2024-10-30
002343.SZ,2024-10-30
603324.SH,2024-10-30
600499.SH,2024-10-30
603218.SH,2024-10-30
601218.SH,2024-10-30
600845.SH,2024-10-30
603609.SH,2024-10-30
601390.SH,2024-10-31
003038.SZ,2024-10-31
603500.SH,2024-10-31
603289.SH,2024-10-31
605155.SH,2024-10-31
000725.SZ,2024-10-31
000725.SZ,2024-10-31
600399.SH,2024-10-31
002901.SZ,2024-10-31
605399.SH,2024-10-31
605399.SH,2024-10-31
000851.SZ,2024-10-31
600228.SH,2024-10-31
603195.SH,2024-10-31
601666.SH,2024-10-31
600459.SH,2024-10-31
002871.SZ,2024-10-31
002969.SZ,2024-10-31
002067.SZ,2024-10-31
600732.SH,2024-10-31
600875.SH,2024-10-31
603507.SH,2024-10-31
600629.SH,2024-10-31
002575.SZ,2024-10-31
000034.SZ,2024-10-31
600905.SH,2024-10-31
600186.SH,2024-10-31
600929.SH,2024-10-31
001339.SZ,2024-10-31
603900.SH,2024-10-31
002708.SZ,2024-11-01
600655.SH,2024-11-01
002845.SZ,2024-11-05
002881.SZ,2024-11-05
600570.SH,2024-11-05
002667.SZ,2024-11-05
002940.SZ,2024-11-05
600522.SH,2024-11-06
605196.SH,2024-11-06
603738.SH,2024-11-06
603275.SH,2024-11-07
603077.SH,2024-11-07
600525.SH,2024-11-08
600186.SH,2024-11-08
000623.SZ,2024-11-09
002567.SZ,2024-11-09
002996.SZ,2024-11-11
002203.SZ,2024-11-11
002589.SZ,2024-11-11
002166.SZ,2024-11-12
605268.SH,2024-11-12
002219.SZ,2024-11-12
002138.SZ,2024-11-12
600704.SH,2024-11-12
600329.SH,2024-11-12
002661.SZ,2024-11-12
600639.SH,2024-11-12
603587.SH,2024-11-12
603366.SH,2024-11-13
601700.SH,2024-11-13
002346.SZ,2024-11-13
600019.SH,2024-11-14
002330.SZ,2024-11-15
002772.SZ,2024-11-15
002709.SZ,2024-11-15
603477.SH,2024-11-15
002048.SZ,2024-11-15
603272.SH,2024-11-15
600603.SH,2024-11-16
000426.SZ,2024-11-16
002935.SZ,2024-11-16
600810.SH,2024-11-16
000411.SZ,2024-11-16
000661.SZ,2024-11-16
601899.SH,2024-11-18
605299.SH,2024-11-19
003012.SZ,2024-11-19
603699.SH,2024-11-19
601600.SH,2024-11-20
002993.SZ,2024-11-21
603037.SH,2024-11-21
000785.SZ,2024-11-21
600501.SH,2024-11-22
603538.SH,2024-11-22
603985.SH,2024-11-22
002254.SZ,2024-11-26
002279.SZ,2024-11-26
600909.SH,2024-11-26
601233.SH,2024-11-26
603848.SH,2024-11-26
000963.SZ,2024-11-27
001316.SZ,2024-11-28
002488.SZ,2024-11-29
000513.SZ,2024-11-29
603081.SH,2024-11-29
600480.SH,2024-11-29
002324.SZ,2024-11-29
001376.SZ,2024-11-29
001283.SZ,2024-11-30
002330.SZ,2024-11-30
002597.SZ,2024-11-30
000048.SZ,2024-11-30
605589.SH,2024-12-02
600609.SH,2024-12-03
000528.SZ,2024-12-03
002179.SZ,2024-12-03
001301.SZ,2024-12-04
003010.SZ,2024-12-04
603650.SH,2024-12-04
603299.SH,2024-12-04
603650.SH,2024-12-04
600212.SH,2024-12-05
002068.SZ,2024-12-05
001314.SZ,2024-12-05
000883.SZ,2024-12-06
600536.SH,2024-12-07
601718.SH,2024-12-07
600328.SH,2024-12-07
002847.SZ,2024-12-10
002415.SZ,2024-12-10
002230.SZ,2024-12-10
002783.SZ,2024-12-10
002960.SZ,2024-12-10
002073.SZ,2024-12-11
002671.SZ,2024-12-11
002911.SZ,2024-12-11
002073.SZ,2024-12-11
600986.SH,2024-12-11
605077.SH,2024-12-11
002387.SZ,2024-12-11
600219.SH,2024-12-12
600853.SH,2024-12-12
601865.SH,2024-12-13
600212.SH,2024-12-13
600567.SH,2024-12-13
002611.SZ,2024-12-14
601633.SH,2024-12-14
002812.SZ,2024-12-14
002388.SZ,2024-12-14
000921.SZ,2024-12-14
002046.SZ,2024-12-14
002486.SZ,2024-12-14
600115.SH,2024-12-14
002140.SZ,2024-12-14
002198.SZ,2024-12-14
600157.SH,2024-12-17
603992.SH,2024-12-17
002402.SZ,2024-12-17
002840.SZ,2024-12-17
002983.SZ,2024-12-17
002920.SZ,2024-12-18
002803.SZ,2024-12-18
603596.SH,2024-12-19
002228.SZ,2024-12-19
002468.SZ,2024-12-20
000411.SZ,2024-12-20
600549.SH,2024-12-21
000531.SZ,2024-12-21
002393.SZ,2024-12-21
600426.SH,2024-12-21
605169.SH,2024-12-21
600702.SH,2024-12-21
002408.SZ,2024-12-23
002324.SZ,2024-12-24
001283.SZ,2024-12-24
603617.SH,2024-12-25
603033.SH,2024-12-25
605066.SH,2024-12-26
002909.SZ,2024-12-26
605020.SH,2024-12-26
002327.SZ,2024-12-26
000758.SZ,2024-12-27
603858.SH,2024-12-27
002582.SZ,2024-12-27
600905.SH,2024-12-27
000913.SZ,2024-12-27
603998.SH,2024-12-27
000066.SZ,2024-12-28
000333.SZ,2024-12-28
603773.SH,2024-12-28
002615.SZ,2024-12-28
002671.SZ,2024-12-31
000933.SZ,2024-12-31
600623.SH,2024-12-31
002050.SZ,2024-12-31
000338.SZ,2024-12-31
002393.SZ,2024-12-31
002268.SZ,2024-12-31
600537.SH,2025-01-01
000981.SZ,2025-01-02
000526.SZ,2025-01-02
003000.SZ,2025-01-03
002812.SZ,2025-01-03
002269.SZ,2025-01-03
601138.SH,2025-01-03
002812.SZ,2025-01-03
001228.SZ,2025-01-03
002446.SZ,2025-01-04
002445.SZ,2025-01-04
002705.SZ,2025-01-04
002101.SZ,2025-01-04
603100.SH,2025-01-04
002709.SZ,2025-01-06
600868.SH,2025-01-06
002843.SZ,2025-01-07
002206.SZ,2025-01-07
600039.SH,2025-01-07
002739.SZ,2025-01-07
001322.SZ,2025-01-07
002709.SZ,2025-01-08
600673.SH,2025-01-08
002947.SZ,2025-01-09
600917.SH,2025-01-09
603515.SH,2025-01-09
002573.SZ,2025-01-09
605268.SH,2025-01-09
003002.SZ,2025-01-10
600611.SH,2025-01-11
000338.SZ,2025-01-11
000631.SZ,2025-01-11
601016.SH,2025-01-11
601567.SH,2025-01-11
002252.SZ,2025-01-14
002322.SZ,2025-01-14
000948.SZ,2025-01-15
600298.SH,2025-01-16
002025.SZ,2025-01-16
605287.SH,2025-01-18
000523.SZ,2025-01-18
000789.SZ,2025-01-18
603051.SH,2025-01-18
002669.SZ,2025-01-18
000422.SZ,2025-01-21
002734.SZ,2025-01-21
002340.SZ,2025-01-21
000925.SZ,2025-01-22
002437.SZ,2025-01-22
000925.SZ,2025-01-22
002673.SZ,2025-01-22
000932.SZ,2025-01-22
002950.SZ,2025-01-23
600196.SH,2025-01-23
001309.SZ,2025-01-23
002264.SZ,2025-01-23
603689.SH,2025-01-24
003027.SZ,2025-01-24
603317.SH,2025-01-24
603718.SH,2025-01-24
600433.SH,2025-01-24
000409.SZ,2025-01-25
600252.SH,2025-01-25
600497.SH,2025-01-25
600131.SH,2025-01-25
600315.SH,2025-01-25
603939.SH,2025-01-28
603324.SH,2025-01-28
605006.SH,2025-01-28
603101.SH,2025-02-06
000768.SZ,2025-02-08
600817.SH,2025-02-12
002727.SZ,2025-02-12
600378.SH,2025-02-12
002597.SZ,2025-02-12
002102.SZ,2025-02-12
600884.SH,2025-02-13
605177.SH,2025-02-13
001300.SZ,2025-02-14
603918.SH,2025-02-15
601633.SH,2025-02-15
603119.SH,2025-02-15
601211.SH,2025-02-15
002292.SZ,2025-02-18
002084.SZ,2025-02-18
605050.SH,2025-02-19
603162.SH,2025-02-19
002965.SZ,2025-02-19
603052.SH,2025-02-19
000503.SZ,2025-02-21
600188.SH,2025-02-25
002847.SZ,2025-02-25
601969.SH,2025-02-25
601686.SH,2025-02-25
601126.SH,2025-02-26
600970.SH,2025-02-26
002895.SZ,2025-02-26
001288.SZ,2025-02-26
603032.SH,2025-02-26
000589.SZ,2025-02-27
603228.SH,2025-02-27
603877.SH,2025-02-27
002162.SZ,2025-02-28
603786.SH,2025-02-28
600860.SH,2025-02-28
605077.SH,2025-02-28
002881.SZ,2025-03-01
603901.SH,2025-03-01
600278.SH,2025-03-01
002250.SZ,2025-03-01
002287.SZ,2025-03-03
002565.SZ,2025-03-04
600480.SH,2025-03-04
600400.SH,2025-03-05
603019.SH,2025-03-05
603081.SH,2025-03-05
600588.SH,2025-03-06
600361.SH,2025-03-07
600745.SH,2025-03-07
600113.SH,2025-03-08
603650.SH,2025-03-08
000852.SZ,2025-03-08
000929.SZ,2025-03-10
605507.SH,2025-03-11
600623.SH,2025-03-11
605299.SH,2025-03-12
605299.SH,2025-03-12
603998.SH,2025-03-12
603773.SH,2025-03-12
600729.SH,2025-03-12
600963.SH,2025-03-12
001267.SZ,2025-03-12
600057.SH,2025-03-13
601717.SH,2025-03-13
601390.SH,2025-03-14
600713.SH,2025-03-15
001301.SZ,2025-03-15
600298.SH,2025-03-15
600666.SH,2025-03-15
600353.SH,2025-03-15
000400.SZ,2025-03-19
002860.SZ,2025-03-19
000876.SZ,2025-03-19
600062.SH,2025-03-20
600063.SH,2025-03-20
600750.SH,2025-03-20
002955.SZ,2025-03-21
002388.SZ,2025-03-21
002148.SZ,2025-03-21
003006.SZ,2025-03-22
002439.SZ,2025-03-22
603456.SH,2025-03-22
600486.SH,2025-03-25
601678.SH,2025-03-25
603558.SH,2025-03-25
601133.SH,2025-03-25
603567.SH,2025-03-26
600076.SH,2025-03-26
001368.SZ,2025-03-27
002471.SZ,2025-03-27
002749.SZ,2025-03-27
002432.SZ,2025-03-27
600328.SH,2025-03-27
003028.SZ,2025-03-28
002678.SZ,2025-03-28
600690.SH,2025-03-28
002690.SZ,2025-03-28
603357.SH,2025-03-28
002478.SZ,2025-03-28
000680.SZ,2025-03-28
603877.SH,2025-03-28
002552.SZ,2025-03-29
601869.SH,2025-03-29
600183.SH,2025-03-29
600501.SH,2025-03-29
002187.SZ,2025-03-29
002922.SZ,2025-03-29
000800.SZ,2025-03-29
002735.SZ,2025-03-29
002236.SZ,2025-03-29
002007.SZ,2025-03-29
603222.SH,2025-03-29
002352.SZ,2025-03-29
002389.SZ,2025-03-29
000333.SZ,2025-03-29
605088.SH,2025-03-29
002465.SZ,2025-03-29
600629.SH,2025-03-31
002239.SZ,2025-04-01
600760.SH,2025-04-01
001389.SZ,2025-04-01
002410.SZ,2025-04-01
605589.SH,2025-04-01
601069.SH,2025-04-02
002577.SZ,2025-04-02
600557.SH,2025-04-03
603299.SH,2025-04-03
603530.SH,2025-04-03
002025.SZ,2025-04-03
603530.SH,2025-04-03
603530.SH,2025-04-03
600031.SH,2025-04-04
002133.SZ,2025-04-04
600698.SH,2025-04-04
603337.SH,2025-04-08
601899.SH,2025-04-08
603225.SH,2025-04-08
000425.SZ,2025-04-08
000333.SZ,2025-04-08
600109.SH,2025-04-09
601919.SH,2025-04-09
600817.SH,2025-04-09
002236.SZ,2025-04-09
002938.SZ,2025-04-09
600894.SH,2025-04-09
601866.SH,2025-04-09
002681.SZ,2025-04-09
002860.SZ,2025-04-09
603341.SH,2025-04-09
002831.SZ,2025-04-09
000516.SZ,2025-04-09
600703.SH,2025-04-10
002576.SZ,2025-04-10
603616.SH,2025-04-10
601211.SH,2025-04-10
603500.SH,2025-04-10
002947.SZ,2025-04-10
000036.SZ,2025-04-10
002384.SZ,2025-04-10
002099.SZ,2025-04-10
603901.SH,2025-04-10
600713.SH,2025-04-10
002648.SZ,2025-04-11
002913.SZ,2025-04-11
601727.SH,2025-04-11
000421.SZ,2025-04-11
002241.SZ,2025-04-11
002532.SZ,2025-04-11
600745.SH,2025-04-12
603063.SH,2025-04-12
002937.SZ,2025-04-12
001206.SZ,2025-04-12
002990.SZ,2025-04-12
603010.SH,2025-04-12
002935.SZ,2025-04-12
600196.SH,2025-04-12
002579.SZ,2025-04-12
603311.SH,2025-04-12
002180.SZ,2025-04-12
000550.SZ,2025-04-14
001266.SZ,2025-04-14
002600.SZ,2025-04-15
601138.SH,2025-04-15
603219.SH,2025-04-15
603337.SH,2025-04-15
600872.SH,2025-04-15
002001.SZ,2025-04-15
600153.SH,2025-04-15
603713.SH,2025-04-15
600850.SH,2025-04-15
600756.SH,2025-04-15
000100.SZ,2025-04-16
000050.SZ,2025-04-16
002810.SZ,2025-04-16
002419.SZ,2025-04-16
601877.SH,2025-04-16
600475.SH,2025-04-16
603399.SH,2025-04-16
603529.SH,2025-04-16
002145.SZ,2025-04-16
603027.SH,2025-04-16
601108.SH,2025-04-16
603355.SH,2025-04-16
600765.SH,2025-04-16
002920.SZ,2025-04-17
600057.SH,2025-04-17
603681.SH,2025-04-17
601633.SH,2025-04-17
000988.SZ,2025-04-17
003001.SZ,2025-04-18
603650.SH,2025-04-18
603138.SH,2025-04-18
000581.SZ,2025-04-18
601369.SH,2025-04-18
002573.SZ,2025-04-18
605090.SH,2025-04-18
603657.SH,2025-04-19
600373.SH,2025-04-19
600010.SH,2025-04-19
000701.SZ,2025-04-19
000801.SZ,2025-04-19
002324.SZ,2025-04-19
600512.SH,2025-04-19
600307.SH,2025-04-19
600905.SH,2025-04-19
603326.SH,2025-04-19
002825.SZ,2025-04-22
002870.SZ,2025-04-22
002825.SZ,2025-04-22
000725.SZ,2025-04-22
000725.SZ,2025-04-22
600305.SH,2025-04-22
600305.SH,2025-04-22
603773.SH,2025-04-22
605060.SH,2025-04-22
002540.SZ,2025-04-22
002975.SZ,2025-04-22
600231.SH,2025-04-22
002785.SZ,2025-04-22
001314.SZ,2025-04-22
605588.SH,2025-04-22
000629.SZ,2025-04-22
002902.SZ,2025-04-22
002026.SZ,2025-04-22
002646.SZ,2025-04-23
603893.SH,2025-04-23
000803.SZ,2025-04-23
002983.SZ,2025-04-23
002983.SZ,2025-04-23
002073.SZ,2025-04-23
002111.SZ,2025-04-23
001270.SZ,2025-04-23
002049.SZ,2025-04-23
000680.SZ,2025-04-23
002812.SZ,2025-04-23
002402.SZ,2025-04-23
000516.SZ,2025-04-23
002023.SZ,2025-04-24
603477.SH,2025-04-24
002582.SZ,2025-04-24
603296.SH,2025-04-24
603161.SH,2025-04-24
603600.SH,2025-04-25
002215.SZ,2025-04-25
002643.SZ,2025-04-25
600459.SH,2025-04-25
002643.SZ,2025-04-25
002279.SZ,2025-04-25
000554.SZ,2025-04-25
603663.SH,2025-04-25
002261.SZ,2025-04-25
002213.SZ,2025-04-25
605151.SH,2025-04-25
603215.SH,2025-04-25
600201.SH,2025-04-25
002796.SZ,2025-04-25
600361.SH,2025-04-25
600228.SH,2025-04-25
600059.SH,2025-04-25
600256.SH,2025-04-25
002511.SZ,2025-04-25
000635.SZ,2025-04-25
002043.SZ,2025-04-25
603511.SH,2025-04-25
603360.SH,2025-04-25
000683.SZ,2025-04-25
002892.SZ,2025-04-25
603056.SH,2025-04-25
002840.SZ,2025-04-25
002329.SZ,2025-04-25
000883.SZ,2025-04-25
002363.SZ,2025-04-25
600351.SH,2025-04-26
002885.SZ,2025-04-26
600019.SH,2025-04-26
600566.SH,2025-04-26
600581.SH,2025-04-26
603232.SH,2025-04-26
605399.SH,2025-04-26
002040.SZ,2025-04-26
603551.SH,2025-04-26
002609.SZ,2025-04-26
000957.SZ,2025-04-26
603960.SH,2025-04-26
603966.SH,2025-04-26
603529.SH,2025-04-26
002057.SZ,2025-04-26
002327.SZ,2025-04-26
603968.SH,2025-04-26
603486.SH,2025-04-26
601965.SH,2025-04-26
601965.SH,2025-04-26
000930.SZ,2025-04-26
603315.SH,2025-04-26
603353.SH,2025-04-26
603297.SH,2025-04-26
603568.SH,2025-04-26
002611.SZ,2025-04-26
603191.SH,2025-04-26
001215.SZ,2025-04-26
603803.SH,2025-04-26
000759.SZ,2025-04-26
001234.SZ,2025-04-26
000056.SZ,2025-04-26
603660.SH,2025-04-26
002405.SZ,2025-04-26
000739.SZ,2025-04-26
002202.SZ,2025-04-26
000056.SZ,2025-04-26
603848.SH,2025-04-26
603590.SH,2025-04-26
001326.SZ,2025-04-26
603258.SH,2025-04-26
002036.SZ,2025-04-26
603319.SH,2025-04-26
605289.SH,2025-04-28
002088.SZ,2025-04-28
000952.SZ,2025-04-28
600320.SH,2025-04-28
000629.SZ,2025-04-28
603583.SH,2025-04-28
603368.SH,2025-04-29
000498.SZ,2025-04-29
000425.SZ,2025-04-29
002219.SZ,2025-04-29
603801.SH,2025-04-29
000425.SZ,2025-04-29
600479.SH,2025-04-29
603218.SH,2025-04-29
600486.SH,2025-04-29
603639.SH,2025-04-29
002795.SZ,2025-04-29
603589.SH,2025-04-29
605337.SH,2025-04-29
002179.SZ,2025-04-29
603587.SH,2025-04-29
605296.SH,2025-04-29
600704.SH,2025-04-29
603915.SH,2025-04-29
603916.SH,2025-04-29
600536.SH,2025-04-29
603515.SH,2025-04-29
605268.SH,2025-04-29
600330.SH,2025-04-29
002352.SZ,2025-04-29
600178.SH,2025-04-29
603365.SH,2025-04-29
002513.SZ,2025-04-29
603709.SH,2025-04-29
000948.SZ,2025-04-29
600130.SH,2025-04-29
603017.SH,2025-04-29
000962.SZ,2025-04-29
003003.SZ,2025-04-29
000571.SZ,2025-04-29
601700.SH,2025-04-29
603040.SH,2025-04-29
002992.SZ,2025-04-29
600169.SH,2025-04-29
603058.SH,2025-04-29
003021.SZ,2025-04-29
003026.SZ,2025-04-29
000903.SZ,2025-04-30
605598.SH,2025-04-30
600732.SH,2025-04-30
605366.SH,2025-04-30
600248.SH,2025-04-30
600400.SH,2025-04-30
603818.SH,2025-04-30
601390.SH,2025-04-30
600990.SH,2025-04-30
600905.SH,2025-04-30
601500.SH,2025-04-30
002570.SZ,2025-04-30
600072.SH,2025-04-30
600579.SH,2025-04-30
603628.SH,2025-04-30
603500.SH,2025-04-30
600350.SH,2025-04-30
603518.SH,2025-04-30
603518.SH,2025-04-30
603567.SH,2025-04-30
001378.SZ,2025-04-30
601117.SH,2025-04-30
600200.SH,2025-04-30
000333.SZ,2025-04-30
000975.SZ,2025-04-30
600754.SH,2025-04-30
002986.SZ,2025-04-30
002126.SZ,2025-05-07
600958.SH,2025-05-07
002987.SZ,2025-05-08
002458.SZ,2025-05-09
603057.SH,2025-05-09
603286.SH,2025-05-10
603313.SH,2025-05-10
603165.SH,2025-05-10
603317.SH,2025-05-10
600640.SH,2025-05-13
603324.SH,2025-05-13
002283.SZ,2025-05-13
600267.SH,2025-05-13
603300.SH,2025-05-14
601677.SH,2025-05-14
002812.SZ,2025-05-14
002353.SZ,2025-05-15
603259.SH,2025-05-15
003020.SZ,2025-05-15
002858.SZ,2025-05-15
600989.SH,2025-05-15
000999.SZ,2025-05-15
603375.SH,2025-05-15
603259.SH,2025-05-15
600595.SH,2025-05-16
603093.SH,2025-05-16
000758.SZ,2025-05-17
002988.SZ,2025-05-17
002028.SZ,2025-05-17
603281.SH,2025-05-17
002340.SZ,2025-05-20
605299.SH,2025-05-20
601666.SH,2025-05-21
603839.SH,2025-05-21
002615.SZ,2025-05-21
002430.SZ,2025-05-21
600501.SH,2025-05-22
002020.SZ,2025-05-22
003011.SZ,2025-05-22
605155.SH,2025-05-22
600131.SH,2025-05-22
600699.SH,2025-05-22
002484.SZ,2025-05-23
002993.SZ,2025-05-23
001212.SZ,2025-05-23
600268.SH,2025-05-23
603195.SH,2025-05-23
603707.SH,2025-05-23
002609.SZ,2025-05-23
603162.SH,2025-05-24
603683.SH,2025-05-24
600309.SH,2025-05-26
603012.SH,2025-05-27
002229.SZ,2025-05-27
603228.SH,2025-05-27
001288.SZ,2025-05-27
002758.SZ,2025-05-27
603859.SH,2025-05-28
002262.SZ,2025-05-28
603043.SH,2025-05-28
001339.SZ,2025-05-28
603013.SH,2025-05-28
603885.SH,2025-05-28
603083.SH,2025-05-29
001322.SZ,2025-05-29
603197.SH,2025-05-29
600273.SH,2025-05-30
601231.SH,2025-05-30
601969.SH,2025-05-30
603075.SH,2025-05-31
601800.SH,2025-05-31
000921.SZ,2025-06-03
002195.SZ,2025-06-03
002602.SZ,2025-06-03
603040.SH,2025-06-04
000819.SZ,2025-06-04
002919.SZ,2025-06-04
603197.SH,2025-06-04
002443.SZ,2025-06-04
002495.SZ,2025-06-05
600570.SH,2025-06-05
603269.SH,2025-06-05
600927.SH,2025-06-05
002897.SZ,2025-06-06
002979.SZ,2025-06-06
000503.SZ,2025-06-06
603926.SH,2025-06-07
000731.SZ,2025-06-07
002239.SZ,2025-06-07
603390.SH,2025-06-07
003010.SZ,2025-06-10
002396.SZ,2025-06-10
002590.SZ,2025-06-10
001323.SZ,2025-06-10
603195.SH,2025-06-10
603876.SH,2025-06-10
002601.SZ,2025-06-11
605055.SH,2025-06-11
002249.SZ,2025-06-11
603305.SH,2025-06-11
002637.SZ,2025-06-11
600586.SH,2025-06-11
601016.SH,2025-06-12
605088.SH,2025-06-12
600372.SH,2025-06-12
601678.SH,2025-06-13
002557.SZ,2025-06-13
605158.SH,2025-06-13
603277.SH,2025-06-13
603306.SH,2025-06-13
600918.SH,2025-06-13
000960.SZ,2025-06-13
601609.SH,2025-06-13
600103.SH,2025-06-14
605116.SH,2025-06-14
603659.SH,2025-06-14
600667.SH,2025-06-14
002388.SZ,2025-06-14
603035.SH,2025-06-14
603008.SH,2025-06-14
003043.SZ,2025-06-17
605488.SH,2025-06-17
605488.SH,2025-06-17
605117.SH,2025-06-17
605066.SH,2025-06-17
000999.SZ,2025-06-17
601956.SH,2025-06-17
000630.SZ,2025-06-17
600143.SH,2025-06-17
603667.SH,2025-06-17
603836.SH,2025-06-18
600755.SH,2025-06-18
603556.SH,2025-06-18
600363.SH,2025-06-18
603587.SH,2025-06-18
603889.SH,2025-06-18
002782.SZ,2025-06-19
600787.SH,2025-06-20
603237.SH,2025-06-20
002714.SZ,2025-06-20
603171.SH,2025-06-20
001203.SZ,2025-06-20
002364.SZ,2025-06-20
002029.SZ,2025-06-21
600808.SH,2025-06-21
605296.SH,2025-06-21
002803.SZ,2025-06-21
600406.SH,2025-06-23
600845.SH,2025-06-24
603590.SH,2025-06-24
000977.SZ,2025-06-24
000825.SZ,2025-06-24
600566.SH,2025-06-24
603324.SH,2025-06-25
002240.SZ,2025-06-25
605399.SH,2025-06-25
600567.SH,2025-06-25
002716.SZ,2025-06-25
000997.SZ,2025-06-25
603109.SH,2025-06-25
000526.SZ,2025-06-25
603650.SH,2025-06-26
000652.SZ,2025-06-26
600186.SH,2025-06-26
603786.SH,2025-06-26
600933.SH,2025-06-26
002334.SZ,2025-06-26
600702.SH,2025-06-27
002686.SZ,2025-06-27
603221.SH,2025-06-27
603605.SH,2025-06-27
600039.SH,2025-06-28
600519.SH,2025-06-28
600057.SH,2025-06-28
603237.SH,2025-06-28
600862.SH,2025-06-28
000959.SZ,2025-06-28
000922.SZ,2025-07-01
600326.SH,2025-07-01
605162.SH,2025-07-01
600201.SH,2025-07-01
002722.SZ,2025-07-01
000963.SZ,2025-07-01
605177.SH,2025-07-01
000521.SZ,2025-07-02
603768.SH,2025-07-02
000404.SZ,2025-07-02
600039.SH,2025-07-03
600426.SH,2025-07-03
605178.SH,2025-07-03
002102.SZ,2025-07-03
002034.SZ,2025-07-04
000591.SZ,2025-07-04
002798.SZ,2025-07-04
000830.SZ,2025-07-04
603192.SH,2025-07-05
002270.SZ,2025-07-05
000913.SZ,2025-07-08
600731.SH,2025-07-08
603708.SH,2025-07-08
002688.SZ,2025-07-08
002481.SZ,2025-07-08
600814.SH,2025-07-08
603816.SH,2025-07-09
603816.SH,2025-07-09
002407.SZ,2025-07-09
601633.SH,2025-07-10
603228.SH,2025-07-10
603229.SH,2025-07-10
600839.SH,2025-07-11
600970.SH,2025-07-11
600061.SH,2025-07-11
601021.SH,2025-07-11
001309.SZ,2025-07-11
000950.SZ,2025-07-12
601567.SH,2025-07-12
600216.SH,2025-07-15
603690.SH,2025-07-15
600129.SH,2025-07-17
002317.SZ,2025-07-17
002524.SZ,2025-07-17
002787.SZ,2025-07-17
601236.SH,2025-07-18
002766.SZ,2025-07-18
601985.SH,2025-07-18
603683.SH,2025-07-18
600869.SH,2025-07-19
000338.SZ,2025-07-19
600642.SH,2025-07-19
000967.SZ,2025-07-19
002108.SZ,2025-07-19
600526.SH,2025-07-22
002170.SZ,2025-07-22
603986.SH,2025-07-23
002228.SZ,2025-07-23
603158.SH,2025-07-23
001301.SZ,2025-07-23
000012.SZ,2025-07-23
601880.SH,2025-07-23
000933.SZ,2025-07-23
000919.SZ,2025-07-24
003019.SZ,2025-07-24
603301.SH,2025-07-24
003000.SZ,2025-07-24
600298.SH,2025-07-25
603588.SH,2025-07-25
603662.SH,2025-07-25
603368.SH,2025-07-26
000869.SZ,2025-07-26
002116.SZ,2025-07-26
000422.SZ,2025-07-29
600031.SH,2025-07-29
603530.SH,2025-07-30
002402.SZ,2025-07-30
002011.SZ,2025-07-30
605099.SH,2025-07-30
603309.SH,2025-07-31
002050.SZ,2025-07-31
002326.SZ,2025-08-01
002327.SZ,2025-08-01
002233.SZ,2025-08-07
600231.SH,2025-08-13
603255.SH,2025-08-14
000999.SZ,2025-08-16
603678.SH,2025-08-16
002802.SZ,2025-08-18
002276.SZ,2025-08-18
605006.SH,2025-08-19
603232.SH,2025-08-20
002511.SZ,2025-08-20
601515.SH,2025-08-21
002847.SZ,2025-08-21
600276.SH,2025-08-21
000762.SZ,2025-08-21
002478.SZ,2025-08-22
601956.SH,2025-08-22
600028.SH,2025-08-22
002393.SZ,2025-08-22
002393.SZ,2025-08-22
601226.SH,2025-08-23
002459.SZ,2025-08-23
002293.SZ,2025-08-23
000534.SZ,2025-08-23
601975.SH,2025-08-25
600215.SH,2025-08-26
002150.SZ,2025-08-26
000848.SZ,2025-08-27
002437.SZ,2025-08-27
000759.SZ,2025-08-27
002568.SZ,2025-08-27
000903.SZ,2025-08-27
603286.SH,2025-08-28
001387.SZ,2025-08-28
600711.SH,2025-08-29
601006.SH,2025-08-29
002671.SZ,2025-08-29
603283.SH,2025-08-29
603283.SH,2025-08-29
603700.SH,2025-08-29
000716.SZ,2025-08-29
002967.SZ,2025-08-29
000537.SZ,2025-08-29
002517.SZ,2025-08-30
601688.SH,2025-08-30
601866.SH,2025-08-30
603908.SH,2025-08-30
600325.SH,2025-09-05
603037.SH,2025-09-06
603889.SH,2025-09-06
000811.SZ,2025-09-06
600177.SH,2025-09-13
